{
  "template": "concept_beveled_design",
  "elevation": 0,
  "canvas": [
    1024,
    1024
  ],
  "scale_px_per_unit": 463.8037288237172,
  "origin_px": [
    512.0,
    401.2259580628638
  ],
  "bevel_inset_world": 0.055,
  "bevel_drop_world": 0.035,
  "inner_edge_world": 0.9364914703891412,
  "faces": {
    "top": {
      "polygon_px": [
        [
          875.8695322024887,
          354.94511093966037
        ],
        [
          613.5248267455761,
          203.49673614868243
        ],
        [
          255.15529454308745,
          258.93068868404714
        ],
        [
          159.13046779751136,
          465.8130160103898
        ],
        [
          421.4751732544238,
          617.2613908013678
        ],
        [
          779.8447054569126,
          561.8274382660031
        ]
      ]
    },
    "bevel_0": {
      "quad_px": [
        [
          875.8695322024887,
          354.94511093966037
        ],
        [
          613.5248267455761,
          203.49673614868243
        ],
        [
          620.036787340599,
          200.78909481683712
        ],
        [
          900.1724999999999,
          362.5079994514373
        ]
      ]
    },
    "bevel_1": {
      "quad_px": [
        [
          613.5248267455761,
          203.49673614868243
        ],
        [
          255.15529454308745,
          258.93068868404714
        ],
        [
          237.36428734059888,
          259.9823221852937
        ],
        [
          620.036787340599,
          200.78909481683712
        ]
      ]
    },
    "bevel_2": {
      "quad_px": [
        [
          255.15529454308745,
          258.93068868404714
        ],
        [
          159.13046779751136,
          465.8130160103898
        ],
        [
          134.82750000000004,
          480.89445418835055
        ],
        [
          237.36428734059888,
          259.9823221852937
        ]
      ]
    },
    "bevel_3": {
      "quad_px": [
        [
          159.13046779751136,
          465.8130160103898
        ],
        [
          421.4751732544238,
          617.2613908013678
        ],
        [
          414.963212659401,
          642.6133588229507
        ],
        [
          134.82750000000004,
          480.89445418835055
        ]
      ]
    },
    "bevel_4": {
      "quad_px": [
        [
          421.4751732544238,
          617.2613908013678
        ],
        [
          779.8447054569126,
          561.8274382660031
        ],
        [
          797.6357126594012,
          583.420131454494
        ],
        [
          414.963212659401,
          642.6133588229507
        ]
      ]
    },
    "bevel_5": {
      "quad_px": [
        [
          779.8447054569126,
          561.8274382660031
        ],
        [
          875.8695322024887,
          354.94511093966037
        ],
        [
          900.1724999999999,
          362.5079994514373
        ],
        [
          797.6357126594012,
          583.420131454494
        ]
      ]
    },
    "wall_3": {
      "quad_px": [
        [
          134.82750000000004,
          480.89445418835055
        ],
        [
          414.963212659401,
          642.6133588229507
        ],
        [
          414.963212659401,
          809.2109051831628
        ],
        [
          134.82750000000004,
          647.4920005485627
        ]
      ]
    },
    "wall_4": {
      "quad_px": [
        [
          414.963212659401,
          642.6133588229507
        ],
        [
          797.6357126594012,
          583.420131454494
        ],
        [
          797.6357126594012,
          750.0176778147063
        ],
        [
          414.963212659401,
          809.2109051831628
        ]
      ]
    },
    "wall_5": {
      "quad_px": [
        [
          797.6357126594012,
          583.420131454494
        ],
        [
          900.1724999999999,
          362.5079994514373
        ],
        [
          900.1724999999999,
          529.1055458116494
        ],
        [
          797.6357126594012,
          750.0176778147063
        ]
      ]
    }
  },
  "wall_order": [
    3,
    4,
    5
  ],
  "manifest": {
    "pitch_deg": 35.26,
    "yaw_deg": -15.0,
    "hex_orientation": "flat_top",
    "px_per_hex_edge": 128.0,
    "hex_edge_world": 1.0,
    "thickness_world": 0.55,
    "elevation_step_world": 0.5
  },
  "fit": {
    "mode": "bbox_uniform",
    "source_bbox": [
      129,
      182,
      906,
      828
    ],
    "template_bbox": [
      64.0,
      155.85607661366578,
      960.0,
      868.1439233863342
    ],
    "scale": 0.8541796875
  }
}
