{
  "template": "concept_beveled_design",
  "elevation": 2,
  "canvas": [
    1024,
    1024
  ],
  "scale_px_per_unit": 380.904840625323,
  "origin_px": [
    512.0,
    265.513204356286
  ],
  "bevel_inset_world": 0.055,
  "bevel_drop_world": 0.035,
  "inner_edge_world": 0.9364914703891412,
  "faces": {
    "top": {
      "polygon_px": [
        [
          850.4982061374892,
          218.55397866091135
        ],
        [
          602.3342955701396,
          75.29200250728354
        ],
        [
          263.3360894326504,
          127.72952517587174
        ],
        [
          172.5017938625108,
          323.4290239980878
        ],
        [
          420.66570442986034,
          466.6910001517156
        ],
        [
          759.6639105673497,
          414.25347748312737
        ]
      ]
    },
    "bevel_0": {
      "quad_px": [
        [
          850.4982061374892,
          218.55397866091135
        ],
        [
          602.3342955701396,
          75.29200250728354
        ],
        [
          608.4942582951611,
          72.73072016634876
        ],
        [
          873.4875,
          225.70806238826782
        ]
      ]
    },
    "bevel_1": {
      "quad_px": [
        [
          602.3342955701396,
          75.29200250728354
        ],
        [
          263.3360894326504,
          127.72952517587174
        ],
        [
          246.5067582951611,
          128.72431362299693
        ],
        [
          608.4942582951611,
          72.73072016634876
        ]
      ]
    },
    "bevel_2": {
      "quad_px": [
        [
          263.3360894326504,
          127.72952517587174
        ],
        [
          172.5017938625108,
          323.4290239980878
        ],
        [
          149.5125,
          337.69524930156416
        ],
        [
          246.5067582951611,
          128.72431362299693
        ]
      ]
    },
    "bevel_3": {
      "quad_px": [
        [
          172.5017938625108,
          323.4290239980878
        ],
        [
          420.66570442986034,
          466.6910001517156
        ],
        [
          414.5057417048388,
          490.67259152348316
        ],
        [
          149.5125,
          337.69524930156416
        ]
      ]
    },
    "bevel_4": {
      "quad_px": [
        [
          420.66570442986034,
          466.6910001517156
        ],
        [
          759.6639105673497,
          414.25347748312737
        ],
        [
          776.493241704839,
          434.67899806683505
        ],
        [
          414.5057417048388,
          490.67259152348316
        ]
      ]
    },
    "bevel_5": {
      "quad_px": [
        [
          759.6639105673497,
          414.25347748312737
        ],
        [
          850.4982061374892,
          218.55397866091135
        ],
        [
          873.4875,
          225.70806238826782
        ],
        [
          776.493241704839,
          434.67899806683505
        ]
      ]
    },
    "wall_3": {
      "quad_px": [
        [
          149.5125,
          337.69524930156416
        ],
        [
          414.5057417048388,
          490.67259152348316
        ],
        [
          414.5057417048388,
          954.2692798336512
        ],
        [
          149.5125,
          801.2919376117321
        ]
      ]
    },
    "wall_4": {
      "quad_px": [
        [
          414.5057417048388,
          490.67259152348316
        ],
        [
          776.493241704839,
          434.67899806683505
        ],
        [
          776.493241704839,
          898.275686377003
        ],
        [
          414.5057417048388,
          954.2692798336512
        ]
      ]
    },
    "wall_5": {
      "quad_px": [
        [
          776.493241704839,
          434.67899806683505
        ],
        [
          873.4875,
          225.70806238826782
        ],
        [
          873.4875,
          689.3047506984358
        ],
        [
          776.493241704839,
          898.275686377003
        ]
      ]
    }
  },
  "wall_order": [
    3,
    4,
    5
  ],
  "manifest": {
    "pitch_deg": 35.26,
    "yaw_deg": -15.0,
    "hex_orientation": "flat_top",
    "px_per_hex_edge": 128.0,
    "hex_edge_world": 1.0,
    "thickness_world": 0.55,
    "elevation_step_world": 0.5
  },
  "fit": {
    "mode": "bbox_uniform",
    "source_bbox": [
      144,
      56,
      879,
      971
    ],
    "template_bbox": [
      144.07417708147898,
      64.0,
      879.925822918521,
      960.0
    ],
    "scale": 0.9838599996286858
  }
}
