{
  "template": "concept_beveled_design",
  "elevation": 1,
  "canvas": [
    1024,
    1024
  ],
  "scale_px_per_unit": 460.8998624614135,
  "origin_px": [
    512.0,
    307.8336252684428
  ],
  "bevel_inset_world": 0.055,
  "bevel_drop_world": 0.035,
  "inner_edge_world": 0.9364914703891412,
  "faces": {
    "top": {
      "polygon_px": [
        [
          848.5369840883227,
          290.3522863120593
        ],
        [
          600.7107114945339,
          147.28522441170168
        ],
        [
          262.17372740621136,
          199.65140351203337
        ],
        [
          171.46301591167736,
          395.0846445127226
        ],
        [
          419.28928850546595,
          538.1517064130802
        ],
        [
          757.8262725937888,
          485.7855273127485
        ]
      ]
    },
    "bevel_0": {
      "quad_px": [
        [
          848.5369840883227,
          290.3522863120593
        ],
        [
          600.7107114945339,
          147.28522441170168
        ],
        [
          606.8622933178888,
          144.72742680864576
        ],
        [
          871.495,
          297.49663659216765
        ]
      ]
    },
    "bevel_1": {
      "quad_px": [
        [
          600.7107114945339,
          147.28522441170168
        ],
        [
          262.17372740621136,
          199.65140351203337
        ],
        [
          245.36729331788877,
          200.64483850548896
        ],
        [
          606.8622933178888,
          144.72742680864576
        ]
      ]
    },
    "bevel_2": {
      "quad_px": [
        [
          262.17372740621136,
          199.65140351203337
        ],
        [
          171.46301591167736,
          395.0846445127226
        ],
        [
          148.505,
          409.33145998585405
        ],
        [
          245.36729331788877,
          200.64483850548896
        ]
      ]
    },
    "bevel_3": {
      "quad_px": [
        [
          171.46301591167736,
          395.0846445127226
        ],
        [
          419.28928850546595,
          538.1517064130802
        ],
        [
          413.13770668211106,
          562.1006697693759
        ],
        [
          148.505,
          409.33145998585405
        ]
      ]
    },
    "bevel_4": {
      "quad_px": [
        [
          419.28928850546595,
          538.1517064130802
        ],
        [
          757.8262725937888,
          485.7855273127485
        ],
        [
          774.6327066821113,
          506.1832580725328
        ],
        [
          413.13770668211106,
          562.1006697693759
        ]
      ]
    },
    "bevel_5": {
      "quad_px": [
        [
          757.8262725937888,
          485.7855273127485
        ],
        [
          848.5369840883227,
          290.3522863120593
        ],
        [
          871.495,
          297.49663659216765
        ],
        [
          774.6327066821113,
          506.1832580725328
        ]
      ]
    },
    "wall_3": {
      "quad_px": [
        [
          148.505,
          409.33145998585405
        ],
        [
          413.13770668211106,
          562.1006697693759
        ],
        [
          413.13770668211106,
          872.2725731913542
        ],
        [
          148.505,
          719.5033634078324
        ]
      ]
    },
    "wall_4": {
      "quad_px": [
        [
          413.13770668211106,
          562.1006697693759
        ],
        [
          774.6327066821113,
          506.1832580725328
        ],
        [
          774.6327066821113,
          816.3551614945111
        ],
        [
          413.13770668211106,
          872.2725731913542
        ]
      ]
    },
    "wall_5": {
      "quad_px": [
        [
          774.6327066821113,
          506.1832580725328
        ],
        [
          871.495,
          297.49663659216765
        ],
        [
          871.495,
          607.668540014146
        ],
        [
          774.6327066821113,
          816.3551614945111
        ]
      ]
    }
  },
  "wall_order": [
    3,
    4,
    5
  ],
  "manifest": {
    "pitch_deg": 35.26,
    "yaw_deg": -15.0,
    "hex_orientation": "flat_top",
    "px_per_hex_edge": 128.0,
    "hex_edge_world": 1.0,
    "thickness_world": 0.55,
    "elevation_step_world": 0.5
  },
  "fit": {
    "mode": "bbox_uniform",
    "source_bbox": [
      143,
      129,
      877,
      888
    ],
    "template_bbox": [
      66.80491951544127,
      64.00000000000006,
      957.1950804845587,
      960.0
    ],
    "scale": 0.8119923508735587
  }
}
