{
  "template": "concept_beveled_design",
  "elevation": 2,
  "canvas": [
    1024,
    1024
  ],
  "scale_px_per_unit": 380.904840625323,
  "origin_px": [
    512.0,
    265.513204356286
  ],
  "bevel_inset_world": 0.055,
  "bevel_drop_world": 0.035,
  "inner_edge_world": 0.9364914703891412,
  "faces": {
    "top": {
      "polygon_px": [
        [
          852.3430943341557,
          214.9488302454605
        ],
        [
          602.828631872562,
          70.90719707875178
        ],
        [
          261.9855375384063,
          123.6300940203663
        ],
        [
          170.6569056658442,
          320.39462412868966
        ],
        [
          420.1713681274378,
          464.43625729539843
        ],
        [
          761.0144624615938,
          411.71336035378386
        ]
      ]
    },
    "bevel_0": {
      "quad_px": [
        [
          852.3430943341557,
          214.9488302454605
        ],
        [
          602.828631872562,
          70.90719707875178
        ],
        [
          609.0221182042504,
          68.33197578630171
        ],
        [
          875.4575,
          222.1418477618094
        ]
      ]
    },
    "bevel_1": {
      "quad_px": [
        [
          602.828631872562,
          70.90719707875178
        ],
        [
          261.9855375384063,
          123.6300940203663
        ],
        [
          245.0646182042504,
          124.6302962821697
        ],
        [
          609.0221182042504,
          68.33197578630171
        ]
      ]
    },
    "bevel_2": {
      "quad_px": [
        [
          261.9855375384063,
          123.6300940203663
        ],
        [
          170.6569056658442,
          320.39462412868966
        ],
        [
          147.54250000000002,
          334.7384887535454
        ],
        [
          245.0646182042504,
          124.6302962821697
        ]
      ]
    },
    "bevel_3": {
      "quad_px": [
        [
          170.6569056658442,
          320.39462412868966
        ],
        [
          420.1713681274378,
          464.43625729539843
        ],
        [
          413.97788179574945,
          488.5483607290532
        ],
        [
          147.54250000000002,
          334.7384887535454
        ]
      ]
    },
    "bevel_4": {
      "quad_px": [
        [
          420.1713681274378,
          464.43625729539843
        ],
        [
          761.0144624615938,
          411.71336035378386
        ],
        [
          777.9353817957497,
          432.25004023318513
        ],
        [
          413.97788179574945,
          488.5483607290532
        ]
      ]
    },
    "bevel_5": {
      "quad_px": [
        [
          761.0144624615938,
          411.71336035378386
        ],
        [
          852.3430943341557,
          214.9488302454605
        ],
        [
          875.4575,
          222.1418477618094
        ],
        [
          777.9353817957497,
          432.25004023318513
        ]
      ]
    },
    "wall_3": {
      "quad_px": [
        [
          147.54250000000002,
          334.7384887535454
        ],
        [
          413.97788179574945,
          488.5483607290532
        ],
        [
          413.97788179574945,
          954.6680242136983
        ],
        [
          147.54250000000002,
          800.8581522381905
        ]
      ]
    },
    "wall_4": {
      "quad_px": [
        [
          413.97788179574945,
          488.5483607290532
        ],
        [
          777.9353817957497,
          432.25004023318513
        ],
        [
          777.9353817957497,
          898.3697037178304
        ],
        [
          413.97788179574945,
          954.6680242136983
        ]
      ]
    },
    "wall_5": {
      "quad_px": [
        [
          777.9353817957497,
          432.25004023318513
        ],
        [
          875.4575,
          222.1418477618094
        ],
        [
          875.4575,
          688.2615112464546
        ],
        [
          777.9353817957497,
          898.3697037178304
        ]
      ]
    }
  },
  "wall_order": [
    3,
    4,
    5
  ],
  "manifest": {
    "pitch_deg": 35.26,
    "yaw_deg": -15.0,
    "hex_orientation": "flat_top",
    "px_per_hex_edge": 128.0,
    "hex_edge_world": 1.0,
    "thickness_world": 0.55,
    "elevation_step_world": 0.5
  },
  "fit": {
    "mode": "bbox_uniform",
    "source_bbox": [
      142,
      60,
      881,
      963
    ],
    "template_bbox": [
      144.07417708147898,
      64.0,
      879.925822918521,
      960.0
    ],
    "scale": 0.9892143397627194
  }
}
