{
  "template": "concept_beveled_design",
  "elevation": 1,
  "canvas": [
    1024,
    1024
  ],
  "scale_px_per_unit": 460.8998624614135,
  "origin_px": [
    512.0,
    307.8336252684428
  ],
  "bevel_inset_world": 0.055,
  "bevel_drop_world": 0.035,
  "inner_edge_world": 0.9364914703891412,
  "faces": {
    "top": {
      "polygon_px": [
        [
          853.3043163833225,
          292.0690624944467
        ],
        [
          603.4522159481678,
          147.83251507446766
        ],
        [
          262.1478995648452,
          200.6267555843388
        ],
        [
          170.69568361667746,
          397.657543514189
        ],
        [
          420.5477840518322,
          541.894090934168
        ],
        [
          761.8521004351549,
          489.0998504242969
        ]
      ]
    },
    "bevel_0": {
      "quad_px": [
        [
          853.3043163833225,
          292.0690624944467
        ],
        [
          603.4522159481678,
          147.83251507446766
        ],
        [
          609.6540831815228,
          145.2538090441388
        ],
        [
          876.45,
          299.2718134580437
        ]
      ]
    },
    "bevel_1": {
      "quad_px": [
        [
          603.4522159481678,
          147.83251507446766
        ],
        [
          262.1478995648452,
          200.6267555843388
        ],
        [
          245.20408318152272,
          201.62831129981174
        ],
        [
          609.6540831815228,
          145.2538090441388
        ]
      ]
    },
    "bevel_2": {
      "quad_px": [
        [
          262.1478995648452,
          200.6267555843388
        ],
        [
          170.69568361667746,
          397.657543514189
        ],
        [
          147.55,
          412.02081796938967
        ],
        [
          245.20408318152272,
          201.62831129981174
        ]
      ]
    },
    "bevel_3": {
      "quad_px": [
        [
          170.69568361667746,
          397.657543514189
        ],
        [
          420.5477840518322,
          541.894090934168
        ],
        [
          414.3459168184771,
          566.0388223832946
        ],
        [
          147.55,
          412.02081796938967
        ]
      ]
    },
    "bevel_4": {
      "quad_px": [
        [
          420.5477840518322,
          541.894090934168
        ],
        [
          761.8521004351549,
          489.0998504242969
        ],
        [
          778.7959168184774,
          509.66432012762164
        ],
        [
          414.3459168184771,
          566.0388223832946
        ]
      ]
    },
    "bevel_5": {
      "quad_px": [
        [
          761.8521004351549,
          489.0998504242969
        ],
        [
          853.3043163833225,
          292.0690624944467
        ],
        [
          876.45,
          299.2718134580437
        ],
        [
          778.7959168184774,
          509.66432012762164
        ]
      ]
    },
    "wall_3": {
      "quad_px": [
        [
          147.55,
          412.02081796938967
        ],
        [
          414.3459168184771,
          566.0388223832946
        ],
        [
          414.3459168184771,
          878.7461909558613
        ],
        [
          147.55,
          724.7281865419563
        ]
      ]
    },
    "wall_4": {
      "quad_px": [
        [
          414.3459168184771,
          566.0388223832946
        ],
        [
          778.7959168184774,
          509.66432012762164
        ],
        [
          778.7959168184774,
          822.3716887001883
        ],
        [
          414.3459168184771,
          878.7461909558613
        ]
      ]
    },
    "wall_5": {
      "quad_px": [
        [
          778.7959168184774,
          509.66432012762164
        ],
        [
          876.45,
          299.2718134580437
        ],
        [
          876.45,
          611.9791820306103
        ],
        [
          778.7959168184774,
          822.3716887001883
        ]
      ]
    }
  },
  "wall_order": [
    3,
    4,
    5
  ],
  "manifest": {
    "pitch_deg": 35.26,
    "yaw_deg": -15.0,
    "hex_orientation": "flat_top",
    "px_per_hex_edge": 128.0,
    "hex_edge_world": 1.0,
    "thickness_world": 0.55,
    "elevation_step_world": 0.5
  },
  "fit": {
    "mode": "bbox_uniform",
    "source_bbox": [
      142,
      136,
      882,
      888
    ],
    "template_bbox": [
      66.80491951544127,
      64.00000000000006,
      957.1950804845587,
      960.0
    ],
    "scale": 0.8186298905264761
  }
}
