{
  "template": "concept_beveled_design",
  "elevation": 0,
  "canvas": [
    1024,
    1024
  ],
  "scale_px_per_unit": 463.8037288237172,
  "origin_px": [
    512.0,
    401.2259580628638
  ],
  "bevel_inset_world": 0.055,
  "bevel_drop_world": 0.035,
  "inner_edge_world": 0.9364914703891412,
  "faces": {
    "top": {
      "polygon_px": [
        [
          880.2103070383218,
          344.66205673885503
        ],
        [
          612.1257560308719,
          189.9001396422829
        ],
        [
          245.91544899255013,
          246.54693283800955
        ],
        [
          147.78969296167827,
          457.95564313030826
        ],
        [
          415.87424396912803,
          612.7175602268803
        ],
        [
          782.0845510074499,
          556.0707670311538
        ]
      ]
    },
    "bevel_0": {
      "quad_px": [
        [
          880.2103070383218,
          344.66205673885503
        ],
        [
          612.1257560308719,
          189.9001396422829
        ],
        [
          618.7801919542285,
          187.13325776649765
        ],
        [
          905.045,
          352.3904138538496
        ]
      ]
    },
    "bevel_1": {
      "quad_px": [
        [
          612.1257560308719,
          189.9001396422829
        ],
        [
          245.91544899255013,
          246.54693283800955
        ],
        [
          227.73519195422847,
          247.62157505163862
        ],
        [
          618.7801919542285,
          187.13325776649765
        ]
      ]
    },
    "bevel_2": {
      "quad_px": [
        [
          245.91544899255013,
          246.54693283800955
        ],
        [
          147.78969296167827,
          457.95564313030826
        ],
        [
          122.95500000000004,
          473.3670484241317
        ],
        [
          227.73519195422847,
          247.62157505163862
        ]
      ]
    },
    "bevel_3": {
      "quad_px": [
        [
          147.78969296167827,
          457.95564313030826
        ],
        [
          415.87424396912803,
          612.7175602268803
        ],
        [
          409.2198080457714,
          638.6242045114838
        ],
        [
          122.95500000000004,
          473.3670484241317
        ]
      ]
    },
    "bevel_4": {
      "quad_px": [
        [
          415.87424396912803,
          612.7175602268803
        ],
        [
          782.0845510074499,
          556.0707670311538
        ],
        [
          800.2648080457717,
          578.1358872263427
        ],
        [
          409.2198080457714,
          638.6242045114838
        ]
      ]
    },
    "bevel_5": {
      "quad_px": [
        [
          782.0845510074499,
          556.0707670311538
        ],
        [
          880.2103070383218,
          344.66205673885503
        ],
        [
          905.045,
          352.3904138538496
        ],
        [
          800.2648080457717,
          578.1358872263427
        ]
      ]
    },
    "wall_3": {
      "quad_px": [
        [
          122.95500000000004,
          473.3670484241317
        ],
        [
          409.2198080457714,
          638.6242045114838
        ],
        [
          409.2198080457714,
          808.8667422335024
        ],
        [
          122.95500000000004,
          643.6095861461504
        ]
      ]
    },
    "wall_4": {
      "quad_px": [
        [
          409.2198080457714,
          638.6242045114838
        ],
        [
          800.2648080457717,
          578.1358872263427
        ],
        [
          800.2648080457717,
          748.3784249483614
        ],
        [
          409.2198080457714,
          808.8667422335024
        ]
      ]
    },
    "wall_5": {
      "quad_px": [
        [
          800.2648080457717,
          578.1358872263427
        ],
        [
          905.045,
          352.3904138538496
        ],
        [
          905.045,
          522.6329515758683
        ],
        [
          800.2648080457717,
          748.3784249483614
        ]
      ]
    }
  },
  "wall_order": [
    3,
    4,
    5
  ],
  "manifest": {
    "pitch_deg": 35.26,
    "yaw_deg": -15.0,
    "hex_orientation": "flat_top",
    "px_per_hex_edge": 128.0,
    "hex_edge_world": 1.0,
    "thickness_world": 0.55,
    "elevation_step_world": 0.5
  },
  "fit": {
    "mode": "bbox_uniform",
    "source_bbox": [
      117,
      172,
      911,
      824
    ],
    "template_bbox": [
      64.0,
      155.85607661366578,
      960.0,
      868.1439233863342
    ],
    "scale": 0.8728683035714285
  }
}
