{
  "template": "concept_beveled_design",
  "elevation": 1,
  "canvas": [
    1024,
    1024
  ],
  "scale_px_per_unit": 460.8998624614135,
  "origin_px": [
    512.0,
    307.8336252684428
  ],
  "bevel_inset_world": 0.055,
  "bevel_drop_world": 0.035,
  "inner_edge_world": 0.9364914703891412,
  "faces": {
    "top": {
      "polygon_px": [
        [
          850.4982061374892,
          282.0550823424572
        ],
        [
          602.3342955701396,
          138.79310618882937
        ],
        [
          263.33608943265034,
          191.23062885741763
        ],
        [
          172.50179386251074,
          386.9301276796337
        ],
        [
          420.66570442986034,
          530.1921038332615
        ],
        [
          759.6639105673498,
          477.75458116467325
        ]
      ]
    },
    "bevel_0": {
      "quad_px": [
        [
          850.4982061374892,
          282.0550823424572
        ],
        [
          602.3342955701396,
          138.79310618882937
        ],
        [
          608.4942582951611,
          136.23182384789465
        ],
        [
          873.4875,
          289.2091660698137
        ]
      ]
    },
    "bevel_1": {
      "quad_px": [
        [
          602.3342955701396,
          138.79310618882937
        ],
        [
          263.33608943265034,
          191.23062885741763
        ],
        [
          246.50675829516115,
          192.22541730454282
        ],
        [
          608.4942582951611,
          136.23182384789465
        ]
      ]
    },
    "bevel_2": {
      "quad_px": [
        [
          263.33608943265034,
          191.23062885741763
        ],
        [
          172.50179386251074,
          386.9301276796337
        ],
        [
          149.51250000000005,
          401.19635298311
        ],
        [
          246.50675829516115,
          192.22541730454282
        ]
      ]
    },
    "bevel_3": {
      "quad_px": [
        [
          172.50179386251074,
          386.9301276796337
        ],
        [
          420.66570442986034,
          530.1921038332615
        ],
        [
          414.5057417048388,
          554.173695205029
        ],
        [
          149.51250000000005,
          401.19635298311
        ]
      ]
    },
    "bevel_4": {
      "quad_px": [
        [
          420.66570442986034,
          530.1921038332615
        ],
        [
          759.6639105673498,
          477.75458116467325
        ],
        [
          776.493241704839,
          498.18010174838093
        ],
        [
          414.5057417048388,
          554.173695205029
        ]
      ]
    },
    "bevel_5": {
      "quad_px": [
        [
          759.6639105673498,
          477.75458116467325
        ],
        [
          850.4982061374892,
          282.0550823424572
        ],
        [
          873.4875,
          289.2091660698137
        ],
        [
          776.493241704839,
          498.18010174838093
        ]
      ]
    },
    "wall_3": {
      "quad_px": [
        [
          149.51250000000005,
          401.19635298311
        ],
        [
          414.5057417048388,
          554.173695205029
        ],
        [
          414.5057417048388,
          864.7681761521054
        ],
        [
          149.51250000000005,
          711.7908339301863
        ]
      ]
    },
    "wall_4": {
      "quad_px": [
        [
          414.5057417048388,
          554.173695205029
        ],
        [
          776.493241704839,
          498.18010174838093
        ],
        [
          776.493241704839,
          808.7745826954572
        ],
        [
          414.5057417048388,
          864.7681761521054
        ]
      ]
    },
    "wall_5": {
      "quad_px": [
        [
          776.493241704839,
          498.18010174838093
        ],
        [
          873.4875,
          289.2091660698137
        ],
        [
          873.4875,
          599.80364701689
        ],
        [
          776.493241704839,
          808.7745826954572
        ]
      ]
    }
  },
  "wall_order": [
    3,
    4,
    5
  ],
  "manifest": {
    "pitch_deg": 35.26,
    "yaw_deg": -15.0,
    "hex_orientation": "flat_top",
    "px_per_hex_edge": 128.0,
    "hex_edge_world": 1.0,
    "thickness_world": 0.55,
    "elevation_step_world": 0.5
  },
  "fit": {
    "mode": "bbox_uniform",
    "source_bbox": [
      144,
      120,
      879,
      881
    ],
    "template_bbox": [
      66.80491951544127,
      64.00000000000006,
      957.1950804845587,
      960.0
    ],
    "scale": 0.8130986074823782
  }
}
