{
  "template": "concept_beveled_design",
  "elevation": 0,
  "canvas": [
    1024,
    1024
  ],
  "scale_px_per_unit": 463.8037288237172,
  "origin_px": [
    512.0,
    401.2259580628638
  ],
  "bevel_inset_world": 0.055,
  "bevel_drop_world": 0.035,
  "inner_edge_world": 0.9364914703891412,
  "faces": {
    "top": {
      "polygon_px": [
        [
          866.2573117108223,
          367.8763192930753
        ],
        [
          607.2889859895198,
          218.37708703479979
        ],
        [
          253.53167427869766,
          273.09760388759867
        ],
        [
          158.74268828917786,
          477.3173529986731
        ],
        [
          417.7110140104801,
          626.8165852569487
        ],
        [
          771.4683257213023,
          572.0960684041497
        ]
      ]
    },
    "bevel_0": {
      "quad_px": [
        [
          866.2573117108223,
          367.8763192930753
        ],
        [
          607.2889859895198,
          218.37708703479979
        ],
        [
          613.7171375678756,
          215.70429308174266
        ],
        [
          890.2475,
          375.34187333237116
        ]
      ]
    },
    "bevel_1": {
      "quad_px": [
        [
          607.2889859895198,
          218.37708703479979
        ],
        [
          253.53167427869766,
          273.09760388759867
        ],
        [
          235.96963756787562,
          274.1357028521496
        ],
        [
          613.7171375678756,
          215.70429308174266
        ]
      ]
    },
    "bevel_2": {
      "quad_px": [
        [
          253.53167427869766,
          273.09760388759867
        ],
        [
          158.74268828917786,
          477.3173529986731
        ],
        [
          134.75250000000005,
          492.20469287318514
        ],
        [
          235.96963756787562,
          274.1357028521496
        ]
      ]
    },
    "bevel_3": {
      "quad_px": [
        [
          158.74268828917786,
          477.3173529986731
        ],
        [
          417.7110140104801,
          626.8165852569487
        ],
        [
          411.28286243212426,
          651.8422731238136
        ],
        [
          134.75250000000005,
          492.20469287318514
        ]
      ]
    },
    "bevel_4": {
      "quad_px": [
        [
          417.7110140104801,
          626.8165852569487
        ],
        [
          771.4683257213023,
          572.0960684041497
        ],
        [
          789.0303624321245,
          593.4108633534065
        ],
        [
          411.28286243212426,
          651.8422731238136
        ]
      ]
    },
    "bevel_5": {
      "quad_px": [
        [
          771.4683257213023,
          572.0960684041497
        ],
        [
          866.2573117108223,
          367.8763192930753
        ],
        [
          890.2475,
          375.34187333237116
        ],
        [
          789.0303624321245,
          593.4108633534065
        ]
      ]
    },
    "wall_3": {
      "quad_px": [
        [
          134.75250000000005,
          492.20469287318514
        ],
        [
          411.28286243212426,
          651.8422731238136
        ],
        [
          411.28286243212426,
          816.2957069182573
        ],
        [
          134.75250000000005,
          656.6581266676288
        ]
      ]
    },
    "wall_4": {
      "quad_px": [
        [
          411.28286243212426,
          651.8422731238136
        ],
        [
          789.0303624321245,
          593.4108633534065
        ],
        [
          789.0303624321245,
          757.8642971478504
        ],
        [
          411.28286243212426,
          816.2957069182573
        ]
      ]
    },
    "wall_5": {
      "quad_px": [
        [
          789.0303624321245,
          593.4108633534065
        ],
        [
          890.2475,
          375.34187333237116
        ],
        [
          890.2475,
          539.7953071268148
        ],
        [
          789.0303624321245,
          757.8642971478504
        ]
      ]
    }
  },
  "wall_order": [
    3,
    4,
    5
  ],
  "manifest": {
    "pitch_deg": 35.26,
    "yaw_deg": -15.0,
    "hex_orientation": "flat_top",
    "px_per_hex_edge": 128.0,
    "hex_edge_world": 1.0,
    "thickness_world": 0.55,
    "elevation_step_world": 0.5
  },
  "fit": {
    "mode": "bbox_uniform",
    "source_bbox": [
      129,
      201,
      896,
      831
    ],
    "template_bbox": [
      64.0,
      155.85607661366578,
      960.0,
      868.1439233863342
    ],
    "scale": 0.8431863839285714
  }
}
