{
  "template": "concept_beveled_design",
  "elevation": 2,
  "canvas": [
    1024,
    1024
  ],
  "scale_px_per_unit": 380.904840625323,
  "origin_px": [
    512.0,
    265.513204356286
  ],
  "bevel_inset_world": 0.055,
  "bevel_drop_world": 0.035,
  "inner_edge_world": 0.9364914703891412,
  "faces": {
    "top": {
      "polygon_px": [
        [
          852.8002030224889,
          202.8308107913826
        ],
        [
          598.558808931041,
          56.060378078890494
        ],
        [
          251.258605908552,
          109.78208497609717
        ],
        [
          158.19979697751103,
          310.27422458579605
        ],
        [
          412.4411910689589,
          457.04465729828826
        ],
        [
          759.741394091448,
          403.3229504010815
        ]
      ]
    },
    "bevel_0": {
      "quad_px": [
        [
          852.8002030224889,
          202.8308107913826
        ],
        [
          598.558808931041,
          56.060378078890494
        ],
        [
          604.869627886063,
          53.43637045613684
        ],
        [
          876.3525,
          210.160096569205
        ]
      ]
    },
    "bevel_1": {
      "quad_px": [
        [
          598.558808931041,
          56.060378078890494
        ],
        [
          251.258605908552,
          109.78208497609717
        ],
        [
          234.01712788606295,
          110.80123558927437
        ],
        [
          604.869627886063,
          53.43637045613684
        ]
      ]
    },
    "bevel_2": {
      "quad_px": [
        [
          251.258605908552,
          109.78208497609717
        ],
        [
          158.19979697751103,
          310.27422458579605
        ],
        [
          134.64749999999998,
          324.88982683548
        ],
        [
          234.01712788606295,
          110.80123558927437
        ]
      ]
    },
    "bevel_3": {
      "quad_px": [
        [
          158.19979697751103,
          310.27422458579605
        ],
        [
          412.4411910689589,
          457.04465729828826
        ],
        [
          406.1303721139369,
          481.6135529485481
        ],
        [
          134.64749999999998,
          324.88982683548
        ]
      ]
    },
    "bevel_4": {
      "quad_px": [
        [
          412.4411910689589,
          457.04465729828826
        ],
        [
          759.741394091448,
          403.3229504010815
        ],
        [
          776.9828721139372,
          424.24868781541056
        ],
        [
          406.1303721139369,
          481.6135529485481
        ]
      ]
    },
    "bevel_5": {
      "quad_px": [
        [
          759.741394091448,
          403.3229504010815
        ],
        [
          852.8002030224889,
          202.8308107913826
        ],
        [
          876.3525,
          210.160096569205
        ],
        [
          776.9828721139372,
          424.24868781541056
        ]
      ]
    },
    "wall_3": {
      "quad_px": [
        [
          134.64749999999998,
          324.88982683548
        ],
        [
          406.1303721139369,
          481.6135529485481
        ],
        [
          406.1303721139369,
          956.5636295438632
        ],
        [
          134.64749999999998,
          799.839903430795
        ]
      ]
    },
    "wall_4": {
      "quad_px": [
        [
          406.1303721139369,
          481.6135529485481
        ],
        [
          776.9828721139372,
          424.24868781541056
        ],
        [
          776.9828721139372,
          899.1987644107256
        ],
        [
          406.1303721139369,
          956.5636295438632
        ]
      ]
    },
    "wall_5": {
      "quad_px": [
        [
          776.9828721139372,
          424.24868781541056
        ],
        [
          876.3525,
          210.160096569205
        ],
        [
          876.3525,
          685.11017316452
        ],
        [
          776.9828721139372,
          899.1987644107256
        ]
      ]
    }
  },
  "wall_order": [
    3,
    4,
    5
  ],
  "manifest": {
    "pitch_deg": 35.26,
    "yaw_deg": -15.0,
    "hex_orientation": "flat_top",
    "px_per_hex_edge": 128.0,
    "hex_edge_world": 1.0,
    "thickness_world": 0.55,
    "elevation_step_world": 0.5
  },
  "fit": {
    "mode": "bbox_uniform",
    "source_bbox": [
      129,
      19,
      882,
      991
    ],
    "template_bbox": [
      144.07417708147898,
      64.0,
      879.925822918521,
      960.0
    ],
    "scale": 1.0079545302318373
  }
}
