{
  "template": "concept_beveled_design",
  "elevation": 2,
  "canvas": [
    1024,
    1024
  ],
  "scale_px_per_unit": 380.904840625323,
  "origin_px": [
    512.0,
    265.513204356286
  ],
  "bevel_inset_world": 0.055,
  "bevel_drop_world": 0.035,
  "inner_edge_world": 0.9364914703891412,
  "faces": {
    "top": {
      "polygon_px": [
        [
          850.3430943341557,
          212.9488302454605
        ],
        [
          600.828631872562,
          68.90719707875178
        ],
        [
          259.9855375384063,
          121.6300940203663
        ],
        [
          168.6569056658442,
          318.39462412868966
        ],
        [
          418.1713681274378,
          462.43625729539843
        ],
        [
          759.0144624615938,
          409.71336035378386
        ]
      ]
    },
    "bevel_0": {
      "quad_px": [
        [
          850.3430943341557,
          212.9488302454605
        ],
        [
          600.828631872562,
          68.90719707875178
        ],
        [
          607.0221182042504,
          66.33197578630171
        ],
        [
          873.4575,
          220.1418477618094
        ]
      ]
    },
    "bevel_1": {
      "quad_px": [
        [
          600.828631872562,
          68.90719707875178
        ],
        [
          259.9855375384063,
          121.6300940203663
        ],
        [
          243.0646182042504,
          122.6302962821697
        ],
        [
          607.0221182042504,
          66.33197578630171
        ]
      ]
    },
    "bevel_2": {
      "quad_px": [
        [
          259.9855375384063,
          121.6300940203663
        ],
        [
          168.6569056658442,
          318.39462412868966
        ],
        [
          145.54250000000002,
          332.7384887535454
        ],
        [
          243.0646182042504,
          122.6302962821697
        ]
      ]
    },
    "bevel_3": {
      "quad_px": [
        [
          168.6569056658442,
          318.39462412868966
        ],
        [
          418.1713681274378,
          462.43625729539843
        ],
        [
          411.97788179574945,
          486.5483607290532
        ],
        [
          145.54250000000002,
          332.7384887535454
        ]
      ]
    },
    "bevel_4": {
      "quad_px": [
        [
          418.1713681274378,
          462.43625729539843
        ],
        [
          759.0144624615938,
          409.71336035378386
        ],
        [
          775.9353817957497,
          430.25004023318513
        ],
        [
          411.97788179574945,
          486.5483607290532
        ]
      ]
    },
    "bevel_5": {
      "quad_px": [
        [
          759.0144624615938,
          409.71336035378386
        ],
        [
          850.3430943341557,
          212.9488302454605
        ],
        [
          873.4575,
          220.1418477618094
        ],
        [
          775.9353817957497,
          430.25004023318513
        ]
      ]
    },
    "wall_3": {
      "quad_px": [
        [
          145.54250000000002,
          332.7384887535454
        ],
        [
          411.97788179574945,
          486.5483607290532
        ],
        [
          411.97788179574945,
          952.6680242136983
        ],
        [
          145.54250000000002,
          798.8581522381905
        ]
      ]
    },
    "wall_4": {
      "quad_px": [
        [
          411.97788179574945,
          486.5483607290532
        ],
        [
          775.9353817957497,
          430.25004023318513
        ],
        [
          775.9353817957497,
          896.3697037178304
        ],
        [
          411.97788179574945,
          952.6680242136983
        ]
      ]
    },
    "wall_5": {
      "quad_px": [
        [
          775.9353817957497,
          430.25004023318513
        ],
        [
          873.4575,
          220.1418477618094
        ],
        [
          873.4575,
          686.2615112464546
        ],
        [
          775.9353817957497,
          896.3697037178304
        ]
      ]
    }
  },
  "wall_order": [
    3,
    4,
    5
  ],
  "manifest": {
    "pitch_deg": 35.26,
    "yaw_deg": -15.0,
    "hex_orientation": "flat_top",
    "px_per_hex_edge": 128.0,
    "hex_edge_world": 1.0,
    "thickness_world": 0.55,
    "elevation_step_world": 0.5
  },
  "fit": {
    "mode": "bbox_uniform",
    "source_bbox": [
      140,
      46,
      879,
      973
    ],
    "template_bbox": [
      144.07417708147898,
      64.0,
      879.925822918521,
      960.0
    ],
    "scale": 0.9892143397627194
  }
}
