{
  "template": "concept_beveled_design",
  "elevation": 1,
  "canvas": [
    1024,
    1024
  ],
  "scale_px_per_unit": 460.8998624614135,
  "origin_px": [
    512.0,
    307.8336252684428
  ],
  "bevel_inset_world": 0.055,
  "bevel_drop_world": 0.035,
  "inner_edge_world": 0.9364914703891412,
  "faces": {
    "top": {
      "polygon_px": [
        [
          851.3043163833225,
          289.0690624944467
        ],
        [
          601.4522159481678,
          144.83251507446766
        ],
        [
          260.1478995648452,
          197.6267555843388
        ],
        [
          168.69568361667746,
          394.657543514189
        ],
        [
          418.5477840518322,
          538.894090934168
        ],
        [
          759.8521004351549,
          486.0998504242969
        ]
      ]
    },
    "bevel_0": {
      "quad_px": [
        [
          851.3043163833225,
          289.0690624944467
        ],
        [
          601.4522159481678,
          144.83251507446766
        ],
        [
          607.6540831815228,
          142.2538090441388
        ],
        [
          874.45,
          296.2718134580437
        ]
      ]
    },
    "bevel_1": {
      "quad_px": [
        [
          601.4522159481678,
          144.83251507446766
        ],
        [
          260.1478995648452,
          197.6267555843388
        ],
        [
          243.20408318152272,
          198.62831129981174
        ],
        [
          607.6540831815228,
          142.2538090441388
        ]
      ]
    },
    "bevel_2": {
      "quad_px": [
        [
          260.1478995648452,
          197.6267555843388
        ],
        [
          168.69568361667746,
          394.657543514189
        ],
        [
          145.55,
          409.02081796938967
        ],
        [
          243.20408318152272,
          198.62831129981174
        ]
      ]
    },
    "bevel_3": {
      "quad_px": [
        [
          168.69568361667746,
          394.657543514189
        ],
        [
          418.5477840518322,
          538.894090934168
        ],
        [
          412.3459168184771,
          563.0388223832946
        ],
        [
          145.55,
          409.02081796938967
        ]
      ]
    },
    "bevel_4": {
      "quad_px": [
        [
          418.5477840518322,
          538.894090934168
        ],
        [
          759.8521004351549,
          486.0998504242969
        ],
        [
          776.7959168184774,
          506.66432012762164
        ],
        [
          412.3459168184771,
          563.0388223832946
        ]
      ]
    },
    "bevel_5": {
      "quad_px": [
        [
          759.8521004351549,
          486.0998504242969
        ],
        [
          851.3043163833225,
          289.0690624944467
        ],
        [
          874.45,
          296.2718134580437
        ],
        [
          776.7959168184774,
          506.66432012762164
        ]
      ]
    },
    "wall_3": {
      "quad_px": [
        [
          145.55,
          409.02081796938967
        ],
        [
          412.3459168184771,
          563.0388223832946
        ],
        [
          412.3459168184771,
          875.7461909558613
        ],
        [
          145.55,
          721.7281865419563
        ]
      ]
    },
    "wall_4": {
      "quad_px": [
        [
          412.3459168184771,
          563.0388223832946
        ],
        [
          776.7959168184774,
          506.66432012762164
        ],
        [
          776.7959168184774,
          819.3716887001883
        ],
        [
          412.3459168184771,
          875.7461909558613
        ]
      ]
    },
    "wall_5": {
      "quad_px": [
        [
          776.7959168184774,
          506.66432012762164
        ],
        [
          874.45,
          296.2718134580437
        ],
        [
          874.45,
          608.9791820306103
        ],
        [
          776.7959168184774,
          819.3716887001883
        ]
      ]
    }
  },
  "wall_order": [
    3,
    4,
    5
  ],
  "manifest": {
    "pitch_deg": 35.26,
    "yaw_deg": -15.0,
    "hex_orientation": "flat_top",
    "px_per_hex_edge": 128.0,
    "hex_edge_world": 1.0,
    "thickness_world": 0.55,
    "elevation_step_world": 0.5
  },
  "fit": {
    "mode": "bbox_uniform",
    "source_bbox": [
      140,
      131,
      880,
      887
    ],
    "template_bbox": [
      66.80491951544127,
      64.00000000000006,
      957.1950804845587,
      960.0
    ],
    "scale": 0.8186298905264761
  }
}
