{
  "template": "concept_beveled_design",
  "elevation": 0,
  "canvas": [
    1024,
    1024
  ],
  "scale_px_per_unit": 463.8037288237172,
  "origin_px": [
    512.0,
    401.2259580628638
  ],
  "bevel_inset_world": 0.055,
  "bevel_drop_world": 0.035,
  "inner_edge_world": 0.9364914703891412,
  "faces": {
    "top": {
      "polygon_px": [
        [
          875.4429747433219,
          363.82078175090396
        ],
        [
          609.384251577238,
          210.22835017395334
        ],
        [
          245.94127683391628,
          266.4470819601405
        ],
        [
          148.55702525667817,
          476.2582453232782
        ],
        [
          414.61574842276184,
          629.8506769002289
        ],
        [
          778.0587231660838,
          573.6319451140417
        ]
      ]
    },
    "bevel_0": {
      "quad_px": [
        [
          875.4429747433219,
          363.82078175090396
        ],
        [
          609.384251577238,
          210.22835017395334
        ],
        [
          615.9884020905945,
          207.482376725441
        ],
        [
          900.0899999999999,
          371.49073818241
        ]
      ]
    },
    "bevel_1": {
      "quad_px": [
        [
          609.384251577238,
          210.22835017395334
        ],
        [
          245.94127683391628,
          266.4470819601405
        ],
        [
          227.89840209059452,
          267.51360345175215
        ],
        [
          615.9884020905945,
          207.482376725441
        ]
      ]
    },
    "bevel_2": {
      "quad_px": [
        [
          245.94127683391628,
          266.4470819601405
        ],
        [
          148.55702525667817,
          476.2582453232782
        ],
        [
          123.91000000000003,
          491.5531916350325
        ],
        [
          227.89840209059452,
          267.51360345175215
        ]
      ]
    },
    "bevel_3": {
      "quad_px": [
        [
          148.55702525667817,
          476.2582453232782
        ],
        [
          414.61574842276184,
          629.8506769002289
        ],
        [
          408.0115979094054,
          655.5615530920015
        ],
        [
          123.91000000000003,
          491.5531916350325
        ]
      ]
    },
    "bevel_4": {
      "quad_px": [
        [
          414.61574842276184,
          629.8506769002289
        ],
        [
          778.0587231660838,
          573.6319451140417
        ],
        [
          796.1015979094057,
          595.5303263656901
        ],
        [
          408.0115979094054,
          655.5615530920015
        ]
      ]
    },
    "bevel_5": {
      "quad_px": [
        [
          778.0587231660838,
          573.6319451140417
        ],
        [
          875.4429747433219,
          363.82078175090396
        ],
        [
          900.0899999999999,
          371.49073818241
        ],
        [
          796.1015979094057,
          595.5303263656901
        ]
      ]
    },
    "wall_3": {
      "quad_px": [
        [
          123.91000000000003,
          491.5531916350325
        ],
        [
          408.0115979094054,
          655.5615530920015
        ],
        [
          408.0115979094054,
          824.517623274559
        ],
        [
          123.91000000000003,
          660.50926181759
        ]
      ]
    },
    "wall_4": {
      "quad_px": [
        [
          408.0115979094054,
          655.5615530920015
        ],
        [
          796.1015979094057,
          595.5303263656901
        ],
        [
          796.1015979094057,
          764.4863965482479
        ],
        [
          408.0115979094054,
          824.517623274559
        ]
      ]
    },
    "wall_5": {
      "quad_px": [
        [
          796.1015979094057,
          595.5303263656901
        ],
        [
          900.0899999999999,
          371.49073818241
        ],
        [
          900.0899999999999,
          540.4468083649675
        ],
        [
          796.1015979094057,
          764.4863965482479
        ]
      ]
    }
  },
  "wall_order": [
    3,
    4,
    5
  ],
  "manifest": {
    "pitch_deg": 35.26,
    "yaw_deg": -15.0,
    "hex_orientation": "flat_top",
    "px_per_hex_edge": 128.0,
    "hex_edge_world": 1.0,
    "thickness_world": 0.55,
    "elevation_step_world": 0.5
  },
  "fit": {
    "mode": "bbox_uniform",
    "source_bbox": [
      118,
      181,
      906,
      851
    ],
    "template_bbox": [
      64.0,
      155.85607661366578,
      960.0,
      868.1439233863342
    ],
    "scale": 0.8662723214285714
  }
}
