{
  "template": "design",
  "elevation": 0,
  "canvas": [
    1024,
    1024
  ],
  "scale_px_per_unit": 376.33262927447333,
  "origin_px": null,
  "faces": {
    "top": {
      "polygon_px": [
        [
          969,
          335
        ],
        [
          634,
          139
        ],
        [
          182,
          209
        ],
        [
          48,
          479
        ],
        [
          380.1286097351075,
          675.0
        ],
        [
          840.9971102312552,
          604.5
        ]
      ]
    },
    "wall_3": {
      "quad_px": [
        [
          48,
          479
        ],
        [
          380.1286097351075,
          675.0
        ],
        [
          381,
          880
        ],
        [
          49,
          684
        ]
      ]
    },
    "wall_4": {
      "quad_px": [
        [
          380.1286097351075,
          675.0
        ],
        [
          840.9971102312552,
          604.5
        ],
        [
          842,
          809
        ],
        [
          381,
          880
        ]
      ]
    },
    "wall_5": {
      "quad_px": [
        [
          840.9971102312552,
          604.5
        ],
        [
          969,
          335
        ],
        [
          970,
          540
        ],
        [
          842,
          809
        ]
      ]
    }
  },
  "manifest": {
    "pitch_deg": 35.26,
    "yaw_deg": -15.0,
    "hex_orientation": "flat_top",
    "px_per_hex_edge": 128.0,
    "hex_edge_world": 1.0,
    "thickness_world": 0.55,
    "elevation_step_world": 0.5
  }
}
