{
  "template": "design",
  "elevation": 2,
  "canvas": [
    1024,
    1024
  ],
  "scale_px_per_unit": 376.33262927447333,
  "origin_px": null,
  "faces": {
    "top": {
      "polygon_px": [
        [
          878,
          219
        ],
        [
          609,
          62
        ],
        [
          246,
          121
        ],
        [
          145,
          332
        ],
        [
          416.49737461930863,
          489.51036579424016
        ],
        [
          777.4973610435168,
          429.0283411736398
        ]
      ]
    },
    "wall_3": {
      "quad_px": [
        [
          145,
          332
        ],
        [
          416.49737461930863,
          489.51036579424016
        ],
        [
          419,
          961
        ],
        [
          146,
          805
        ]
      ]
    },
    "wall_4": {
      "quad_px": [
        [
          416.49737461930863,
          489.51036579424016
        ],
        [
          777.4973610435168,
          429.0283411736398
        ],
        [
          778,
          904
        ],
        [
          419,
          961
        ]
      ]
    },
    "wall_5": {
      "quad_px": [
        [
          777.4973610435168,
          429.0283411736398
        ],
        [
          878,
          219
        ],
        [
          877,
          697
        ],
        [
          778,
          904
        ]
      ]
    }
  },
  "manifest": {
    "pitch_deg": 35.26,
    "yaw_deg": -15.0,
    "hex_orientation": "flat_top",
    "px_per_hex_edge": 128.0,
    "hex_edge_world": 1.0,
    "thickness_world": 0.55,
    "elevation_step_world": 0.5
  }
}
