{
  "template": "design",
  "elevation": 0,
  "canvas": [
    1024,
    1024
  ],
  "scale_px_per_unit": 376.33262927447333,
  "origin_px": null,
  "faces": {
    "top": {
      "polygon_px": [
        [
          962,
          309
        ],
        [
          642,
          119
        ],
        [
          187,
          193
        ],
        [
          63,
          458
        ],
        [
          390.6071393616195,
          649.8978494984281
        ],
        [
          838.9579272566461,
          571.8936411311672
        ]
      ]
    },
    "wall_3": {
      "quad_px": [
        [
          63,
          458
        ],
        [
          390.6071393616195,
          649.8978494984281
        ],
        [
          394,
          868
        ],
        [
          63,
          672
        ]
      ]
    },
    "wall_4": {
      "quad_px": [
        [
          390.6071393616195,
          649.8978494984281
        ],
        [
          838.9579272566461,
          571.8936411311672
        ],
        [
          843,
          796
        ],
        [
          394,
          868
        ]
      ]
    },
    "wall_5": {
      "quad_px": [
        [
          838.9579272566461,
          571.8936411311672
        ],
        [
          962,
          309
        ],
        [
          968,
          529
        ],
        [
          843,
          796
        ]
      ]
    }
  },
  "manifest": {
    "pitch_deg": 35.26,
    "yaw_deg": -15.0,
    "hex_orientation": "flat_top",
    "px_per_hex_edge": 128.0,
    "hex_edge_world": 1.0,
    "thickness_world": 0.55,
    "elevation_step_world": 0.5
  }
}
