{
  "template": "design",
  "elevation": 0,
  "canvas": [
    1024,
    1024
  ],
  "scale_px_per_unit": 376.33262927447333,
  "origin_px": null,
  "faces": {
    "top": {
      "polygon_px": [
        [
          962,
          338
        ],
        [
          632,
          145
        ],
        [
          184,
          217
        ],
        [
          63,
          476
        ],
        [
          393.0,
          668.765850945495
        ],
        [
          841.0,
          594.7691879866518
        ]
      ]
    },
    "wall_3": {
      "quad_px": [
        [
          63,
          476
        ],
        [
          393.0,
          668.765850945495
        ],
        [
          393,
          874
        ],
        [
          63,
          680
        ]
      ]
    },
    "wall_4": {
      "quad_px": [
        [
          393.0,
          668.765850945495
        ],
        [
          841.0,
          594.7691879866518
        ],
        [
          841,
          800
        ],
        [
          393,
          874
        ]
      ]
    },
    "wall_5": {
      "quad_px": [
        [
          841.0,
          594.7691879866518
        ],
        [
          962,
          338
        ],
        [
          962,
          546
        ],
        [
          841,
          800
        ]
      ]
    }
  },
  "manifest": {
    "pitch_deg": 35.26,
    "yaw_deg": -15.0,
    "hex_orientation": "flat_top",
    "px_per_hex_edge": 128.0,
    "hex_edge_world": 1.0,
    "thickness_world": 0.55,
    "elevation_step_world": 0.5
  }
}
