{
  "template": "design",
  "elevation": 1,
  "canvas": [
    1024,
    1024
  ],
  "scale_px_per_unit": 376.33262927447333,
  "origin_px": null,
  "faces": {
    "top": {
      "polygon_px": [
        [
          875,
          278
        ],
        [
          606,
          121
        ],
        [
          246,
          180
        ],
        [
          147,
          395
        ],
        [
          419.24613423809785,
          555.8692150462716
        ],
        [
          775.2413961407531,
          492.5275389173373
        ]
      ]
    },
    "wall_3": {
      "quad_px": [
        [
          147,
          395
        ],
        [
          419.24613423809785,
          555.8692150462716
        ],
        [
          423,
          879
        ],
        [
          148,
          713
        ]
      ]
    },
    "wall_4": {
      "quad_px": [
        [
          419.24613423809785,
          555.8692150462716
        ],
        [
          775.2413961407531,
          492.5275389173373
        ],
        [
          775,
          821
        ],
        [
          423,
          879
        ]
      ]
    },
    "wall_5": {
      "quad_px": [
        [
          775.2413961407531,
          492.5275389173373
        ],
        [
          875,
          278
        ],
        [
          875,
          609
        ],
        [
          775,
          821
        ]
      ]
    }
  },
  "manifest": {
    "pitch_deg": 35.26,
    "yaw_deg": -15.0,
    "hex_orientation": "flat_top",
    "px_per_hex_edge": 128.0,
    "hex_edge_world": 1.0,
    "thickness_world": 0.55,
    "elevation_step_world": 0.5
  }
}
