{
  "template": "design",
  "elevation": 0,
  "canvas": [
    1024,
    1024
  ],
  "scale_px_per_unit": 376.33262927447333,
  "origin_px": null,
  "faces": {
    "top": {
      "polygon_px": [
        [
          962,
          328
        ],
        [
          632,
          134
        ],
        [
          185,
          205
        ],
        [
          63,
          468
        ],
        [
          390.9981035093599,
          662.3842885219049
        ],
        [
          840.5018395298754,
          589.6346031598403
        ]
      ]
    },
    "wall_3": {
      "quad_px": [
        [
          63,
          468
        ],
        [
          390.9981035093599,
          662.3842885219049
        ],
        [
          390,
          862
        ],
        [
          62,
          667
        ]
      ]
    },
    "wall_4": {
      "quad_px": [
        [
          390.9981035093599,
          662.3842885219049
        ],
        [
          840.5018395298754,
          589.6346031598403
        ],
        [
          840,
          789
        ],
        [
          390,
          862
        ]
      ]
    },
    "wall_5": {
      "quad_px": [
        [
          840.5018395298754,
          589.6346031598403
        ],
        [
          962,
          328
        ],
        [
          961,
          529
        ],
        [
          840,
          789
        ]
      ]
    }
  },
  "manifest": {
    "pitch_deg": 35.26,
    "yaw_deg": -15.0,
    "hex_orientation": "flat_top",
    "px_per_hex_edge": 128.0,
    "hex_edge_world": 1.0,
    "thickness_world": 0.55,
    "elevation_step_world": 0.5
  }
}
