{
  "template": "design",
  "elevation": 1,
  "canvas": [
    1024,
    1024
  ],
  "scale_px_per_unit": 376.33262927447333,
  "origin_px": null,
  "faces": {
    "top": {
      "polygon_px": [
        [
          878,
          287
        ],
        [
          606,
          132
        ],
        [
          245,
          191
        ],
        [
          144,
          401
        ],
        [
          417.2482854430558,
          557.6680411204193
        ],
        [
          779.2454532076292,
          494.89299991568106
        ]
      ]
    },
    "wall_3": {
      "quad_px": [
        [
          144,
          401
        ],
        [
          417.2482854430558,
          557.6680411204193
        ],
        [
          419,
          886
        ],
        [
          145,
          728
        ]
      ]
    },
    "wall_4": {
      "quad_px": [
        [
          417.2482854430558,
          557.6680411204193
        ],
        [
          779.2454532076292,
          494.89299991568106
        ],
        [
          782,
          825
        ],
        [
          419,
          886
        ]
      ]
    },
    "wall_5": {
      "quad_px": [
        [
          779.2454532076292,
          494.89299991568106
        ],
        [
          878,
          287
        ],
        [
          878,
          620
        ],
        [
          782,
          825
        ]
      ]
    }
  },
  "manifest": {
    "pitch_deg": 35.26,
    "yaw_deg": -15.0,
    "hex_orientation": "flat_top",
    "px_per_hex_edge": 128.0,
    "hex_edge_world": 1.0,
    "thickness_world": 0.55,
    "elevation_step_world": 0.5
  }
}
