{
  "template": "design",
  "elevation": 0,
  "canvas": [
    1024,
    1024
  ],
  "scale_px_per_unit": 376.33262927447333,
  "origin_px": null,
  "faces": {
    "top": {
      "polygon_px": [
        [
          902,
          344
        ],
        [
          616,
          182
        ],
        [
          237,
          248
        ],
        [
          130,
          470
        ],
        [
          410.5275711635063,
          634.0599667999888
        ],
        [
          797.2301848174732,
          565.6646190874503
        ]
      ]
    },
    "wall_3": {
      "quad_px": [
        [
          130,
          470
        ],
        [
          410.5275711635063,
          634.0599667999888
        ],
        [
          412,
          827
        ],
        [
          131,
          660
        ]
      ]
    },
    "wall_4": {
      "quad_px": [
        [
          410.5275711635063,
          634.0599667999888
        ],
        [
          797.2301848174732,
          565.6646190874503
        ],
        [
          801,
          764
        ],
        [
          412,
          827
        ]
      ]
    },
    "wall_5": {
      "quad_px": [
        [
          797.2301848174732,
          565.6646190874503
        ],
        [
          902,
          344
        ],
        [
          904,
          544
        ],
        [
          801,
          764
        ]
      ]
    }
  },
  "manifest": {
    "pitch_deg": 35.26,
    "yaw_deg": -15.0,
    "hex_orientation": "flat_top",
    "px_per_hex_edge": 128.0,
    "hex_edge_world": 1.0,
    "thickness_world": 0.55,
    "elevation_step_world": 0.5
  }
}
