{
  "template": "design",
  "elevation": 2,
  "canvas": [
    1024,
    1024
  ],
  "scale_px_per_unit": 376.33262927447333,
  "origin_px": null,
  "faces": {
    "top": {
      "polygon_px": [
        [
          876,
          217
        ],
        [
          605,
          58
        ],
        [
          241,
          117
        ],
        [
          144,
          329
        ],
        [
          413.0,
          487.72460215007106
        ],
        [
          776.0,
          431.20894341328426
        ]
      ]
    },
    "wall_3": {
      "quad_px": [
        [
          144,
          329
        ],
        [
          413.0,
          487.72460215007106
        ],
        [
          413,
          967
        ],
        [
          144,
          808
        ]
      ]
    },
    "wall_4": {
      "quad_px": [
        [
          413.0,
          487.72460215007106
        ],
        [
          776.0,
          431.20894341328426
        ],
        [
          776,
          905
        ],
        [
          413,
          967
        ]
      ]
    },
    "wall_5": {
      "quad_px": [
        [
          776.0,
          431.20894341328426
        ],
        [
          876,
          217
        ],
        [
          876,
          691
        ],
        [
          776,
          905
        ]
      ]
    }
  },
  "manifest": {
    "pitch_deg": 35.26,
    "yaw_deg": -15.0,
    "hex_orientation": "flat_top",
    "px_per_hex_edge": 128.0,
    "hex_edge_world": 1.0,
    "thickness_world": 0.55,
    "elevation_step_world": 0.5
  }
}
