{
  "template": "design",
  "elevation": 1,
  "canvas": [
    1024,
    1024
  ],
  "scale_px_per_unit": 376.33262927447333,
  "origin_px": null,
  "faces": {
    "top": {
      "polygon_px": [
        [
          872,
          286
        ],
        [
          599,
          129
        ],
        [
          245,
          188
        ],
        [
          144,
          401
        ],
        [
          422.24879871649586,
          561.6947676789703
        ],
        [
          773.4944551843284,
          498.26969204844136
        ]
      ]
    },
    "wall_3": {
      "quad_px": [
        [
          144,
          401
        ],
        [
          422.24879871649586,
          561.6947676789703
        ],
        [
          428,
          886
        ],
        [
          145,
          725
        ]
      ]
    },
    "wall_4": {
      "quad_px": [
        [
          422.24879871649586,
          561.6947676789703
        ],
        [
          773.4944551843284,
          498.26969204844136
        ],
        [
          774,
          825
        ],
        [
          428,
          886
        ]
      ]
    },
    "wall_5": {
      "quad_px": [
        [
          773.4944551843284,
          498.26969204844136
        ],
        [
          872,
          286
        ],
        [
          872,
          614
        ],
        [
          774,
          825
        ]
      ]
    }
  },
  "manifest": {
    "pitch_deg": 35.26,
    "yaw_deg": -15.0,
    "hex_orientation": "flat_top",
    "px_per_hex_edge": 128.0,
    "hex_edge_world": 1.0,
    "thickness_world": 0.55,
    "elevation_step_world": 0.5
  }
}
