{
  "template": "design",
  "elevation": 0,
  "canvas": [
    1024,
    1024
  ],
  "scale_px_per_unit": 376.33262927447333,
  "origin_px": null,
  "faces": {
    "top": {
      "polygon_px": [
        [
          908,
          340
        ],
        [
          613,
          172
        ],
        [
          229,
          233
        ],
        [
          118,
          461
        ],
        [
          405.9796905447383,
          629.4675412189296
        ],
        [
          800.9792008247952,
          565.8190268866565
        ]
      ]
    },
    "wall_3": {
      "quad_px": [
        [
          118,
          461
        ],
        [
          405.9796905447383,
          629.4675412189296
        ],
        [
          406,
          822
        ],
        [
          119,
          652
        ]
      ]
    },
    "wall_4": {
      "quad_px": [
        [
          405.9796905447383,
          629.4675412189296
        ],
        [
          800.9792008247952,
          565.8190268866565
        ],
        [
          801,
          761
        ],
        [
          406,
          822
        ]
      ]
    },
    "wall_5": {
      "quad_px": [
        [
          800.9792008247952,
          565.8190268866565
        ],
        [
          908,
          340
        ],
        [
          907,
          539
        ],
        [
          801,
          761
        ]
      ]
    }
  },
  "manifest": {
    "pitch_deg": 35.26,
    "yaw_deg": -15.0,
    "hex_orientation": "flat_top",
    "px_per_hex_edge": 128.0,
    "hex_edge_world": 1.0,
    "thickness_world": 0.55,
    "elevation_step_world": 0.5
  }
}
