{
  "template": "design",
  "elevation": 1,
  "canvas": [
    1024,
    1024
  ],
  "scale_px_per_unit": 376.33262927447333,
  "origin_px": null,
  "faces": {
    "top": {
      "polygon_px": [
        [
          878,
          294
        ],
        [
          607,
          138
        ],
        [
          246,
          197
        ],
        [
          145,
          408
        ],
        [
          417.49304239053026,
          564.5029699597134
        ],
        [
          777.4838961773158,
          501.19435412174215
        ]
      ]
    },
    "wall_3": {
      "quad_px": [
        [
          145,
          408
        ],
        [
          417.49304239053026,
          564.5029699597134
        ],
        [
          420,
          886
        ],
        [
          147,
          730
        ]
      ]
    },
    "wall_4": {
      "quad_px": [
        [
          417.49304239053026,
          564.5029699597134
        ],
        [
          777.4838961773158,
          501.19435412174215
        ],
        [
          779,
          828
        ],
        [
          420,
          886
        ]
      ]
    },
    "wall_5": {
      "quad_px": [
        [
          777.4838961773158,
          501.19435412174215
        ],
        [
          878,
          294
        ],
        [
          878,
          628
        ],
        [
          779,
          828
        ]
      ]
    }
  },
  "manifest": {
    "pitch_deg": 35.26,
    "yaw_deg": -15.0,
    "hex_orientation": "flat_top",
    "px_per_hex_edge": 128.0,
    "hex_edge_world": 1.0,
    "thickness_world": 0.55,
    "elevation_step_world": 0.5
  }
}
