{
  "template": "design",
  "elevation": 2,
  "canvas": [
    1024,
    1024
  ],
  "scale_px_per_unit": 376.33262927447333,
  "origin_px": [
    512.0,
    273.8495132486711
  ],
  "faces": {
    "top": {
      "polygon_px": [
        [
          875.5094058914833,
          217.62050564162547
        ],
        [
          609.4020517497402,
          63.99999999999997
        ],
        [
          245.8926458582569,
          120.22900760704553
        ],
        [
          148.49059410851675,
          330.07852085571665
        ],
        [
          414.59794825025966,
          483.6990264973422
        ],
        [
          778.1073541417431,
          427.4700188902966
        ]
      ]
    },
    "wall_3": {
      "quad_px": [
        [
          148.49059410851675,
          330.07852085571665
        ],
        [
          414.59794825025966,
          483.6990264973422
        ],
        [
          414.59794825025966,
          960.0
        ],
        [
          148.49059410851675,
          806.3794943583745
        ]
      ]
    },
    "wall_4": {
      "quad_px": [
        [
          414.59794825025966,
          483.6990264973422
        ],
        [
          778.1073541417431,
          427.4700188902966
        ],
        [
          778.1073541417431,
          903.7709923929544
        ],
        [
          414.59794825025966,
          960.0
        ]
      ]
    },
    "wall_5": {
      "quad_px": [
        [
          778.1073541417431,
          427.4700188902966
        ],
        [
          875.5094058914833,
          217.62050564162553
        ],
        [
          875.5094058914833,
          693.9214791442834
        ],
        [
          778.1073541417431,
          903.7709923929544
        ]
      ]
    }
  },
  "manifest": {
    "pitch_deg": 35.26,
    "yaw_deg": -15.0,
    "hex_orientation": "flat_top",
    "px_per_hex_edge": 128.0,
    "hex_edge_world": 1.0,
    "thickness_world": 0.55,
    "elevation_step_world": 0.5
  }
}
