{
  "template": "design",
  "elevation": 0,
  "canvas": [
    1024,
    1024
  ],
  "scale_px_per_unit": 376.33262927447333,
  "origin_px": null,
  "faces": {
    "top": {
      "polygon_px": [
        [
          895,
          368
        ],
        [
          600,
          201
        ],
        [
          246,
          262
        ],
        [
          130,
          483
        ],
        [
          418.97539738268006,
          650.1808768618341
        ],
        [
          788.9745533081873,
          585.6179060816371
        ]
      ]
    },
    "wall_3": {
      "quad_px": [
        [
          130,
          483
        ],
        [
          418.97539738268006,
          650.1808768618341
        ],
        [
          419,
          827
        ],
        [
          131,
          659
        ]
      ]
    },
    "wall_4": {
      "quad_px": [
        [
          418.97539738268006,
          650.1808768618341
        ],
        [
          788.9745533081873,
          585.6179060816371
        ],
        [
          789,
          766
        ],
        [
          419,
          827
        ]
      ]
    },
    "wall_5": {
      "quad_px": [
        [
          788.9745533081873,
          585.6179060816371
        ],
        [
          895,
          368
        ],
        [
          894,
          553
        ],
        [
          789,
          766
        ]
      ]
    }
  },
  "manifest": {
    "pitch_deg": 35.26,
    "yaw_deg": -15.0,
    "hex_orientation": "flat_top",
    "px_per_hex_edge": 128.0,
    "hex_edge_world": 1.0,
    "thickness_world": 0.55,
    "elevation_step_world": 0.5
  }
}
