{
  "template": "design",
  "elevation": 0,
  "canvas": [
    1024,
    1024
  ],
  "scale_px_per_unit": 376.33262927447333,
  "origin_px": null,
  "faces": {
    "top": {
      "polygon_px": [
        [
          905,
          352
        ],
        [
          617,
          181
        ],
        [
          236,
          240
        ],
        [
          121,
          474
        ],
        [
          402.0790368970343,
          641.1083728068213
        ],
        [
          800.4904368844984,
          564.4565912289327
        ]
      ]
    },
    "wall_3": {
      "quad_px": [
        [
          121,
          474
        ],
        [
          402.0790368970343,
          641.1083728068213
        ],
        [
          400,
          848
        ],
        [
          121,
          686
        ]
      ]
    },
    "wall_4": {
      "quad_px": [
        [
          402.0790368970343,
          641.1083728068213
        ],
        [
          800.4904368844984,
          564.4565912289327
        ],
        [
          800,
          787
        ],
        [
          400,
          848
        ]
      ]
    },
    "wall_5": {
      "quad_px": [
        [
          800.4904368844984,
          564.4565912289327
        ],
        [
          905,
          352
        ],
        [
          904,
          601
        ],
        [
          800,
          787
        ]
      ]
    }
  },
  "manifest": {
    "pitch_deg": 35.26,
    "yaw_deg": -15.0,
    "hex_orientation": "flat_top",
    "px_per_hex_edge": 128.0,
    "hex_edge_world": 1.0,
    "thickness_world": 0.55,
    "elevation_step_world": 0.5
  }
}
