{
  "template": "design",
  "elevation": 2,
  "canvas": [
    1024,
    1024
  ],
  "scale_px_per_unit": 376.33262927447333,
  "origin_px": null,
  "faces": {
    "top": {
      "polygon_px": [
        [
          877,
          206
        ],
        [
          598,
          49
        ],
        [
          244,
          112
        ],
        [
          144,
          328
        ],
        [
          422.48541672809506,
          491.15293621002945
        ],
        [
          778.511701596994,
          420.5703675294493
        ]
      ]
    },
    "wall_3": {
      "quad_px": [
        [
          144,
          328
        ],
        [
          422.48541672809506,
          491.15293621002945
        ],
        [
          421,
          970
        ],
        [
          143,
          801
        ]
      ]
    },
    "wall_4": {
      "quad_px": [
        [
          422.48541672809506,
          491.15293621002945
        ],
        [
          778.511701596994,
          420.5703675294493
        ],
        [
          777,
          906
        ],
        [
          421,
          970
        ]
      ]
    },
    "wall_5": {
      "quad_px": [
        [
          778.511701596994,
          420.5703675294493
        ],
        [
          877,
          206
        ],
        [
          875,
          695
        ],
        [
          777,
          906
        ]
      ]
    }
  },
  "manifest": {
    "pitch_deg": 35.26,
    "yaw_deg": -15.0,
    "hex_orientation": "flat_top",
    "px_per_hex_edge": 128.0,
    "hex_edge_world": 1.0,
    "thickness_world": 0.55,
    "elevation_step_world": 0.5
  }
}
