{
  "template": "concept_beveled_design",
  "elevation": 0,
  "canvas": [
    1024,
    1024
  ],
  "scale_px_per_unit": 463.8037288237172,
  "origin_px": [
    512.0,
    393.65166459707666
  ],
  "bevel_inset_world": 0.15,
  "bevel_drop_world": 0.075,
  "inner_edge_world": 0.8267949192431123,
  "faces": {
    "top": {
      "polygon_px": [
        [
          833.8916787340598,
          354.9685962075435
        ],
        [
          602.2768948087186,
          221.2602275100947
        ],
        [
          285.88521607465873,
          270.20088715193697
        ],
        [
          201.1083212659401,
          452.84991549122805
        ],
        [
          432.72310519128126,
          586.5582841886769
        ],
        [
          749.1147839253413,
          537.6176245468346
        ]
      ]
    },
    "bevel_0": {
      "quad_px": [
        [
          833.8916787340598,
          354.9685962075435
        ],
        [
          602.2768948087186,
          221.2602275100947
        ],
        [
          620.036787340599,
          207.25890244247648
        ],
        [
          900.1724999999999,
          368.9778070770766
        ]
      ]
    },
    "bevel_1": {
      "quad_px": [
        [
          602.2768948087186,
          221.2602275100947
        ],
        [
          285.88521607465873,
          270.20088715193697
        ],
        [
          237.36428734059888,
          266.45212981093306
        ],
        [
          620.036787340599,
          207.25890244247648
        ]
      ]
    },
    "bevel_2": {
      "quad_px": [
        [
          285.88521607465873,
          270.20088715193697
        ],
        [
          201.1083212659401,
          452.84991549122805
        ],
        [
          134.82750000000004,
          487.36426181398986
        ],
        [
          237.36428734059888,
          266.45212981093306
        ]
      ]
    },
    "bevel_3": {
      "quad_px": [
        [
          201.1083212659401,
          452.84991549122805
        ],
        [
          432.72310519128126,
          586.5582841886769
        ],
        [
          414.963212659401,
          649.08316644859
        ],
        [
          134.82750000000004,
          487.36426181398986
        ]
      ]
    },
    "bevel_4": {
      "quad_px": [
        [
          432.72310519128126,
          586.5582841886769
        ],
        [
          749.1147839253413,
          537.6176245468346
        ],
        [
          797.6357126594012,
          589.8899390801334
        ],
        [
          414.963212659401,
          649.08316644859
        ]
      ]
    },
    "bevel_5": {
      "quad_px": [
        [
          749.1147839253413,
          537.6176245468346
        ],
        [
          833.8916787340598,
          354.9685962075435
        ],
        [
          900.1724999999999,
          368.9778070770766
        ],
        [
          797.6357126594012,
          589.8899390801334
        ]
      ]
    },
    "wall_3": {
      "quad_px": [
        [
          134.82750000000004,
          487.36426181398986
        ],
        [
          414.963212659401,
          649.08316644859
        ],
        [
          414.963212659401,
          802.7410975575235
        ],
        [
          134.82750000000004,
          641.0221929229234
        ]
      ]
    },
    "wall_4": {
      "quad_px": [
        [
          414.963212659401,
          649.08316644859
        ],
        [
          797.6357126594012,
          589.8899390801334
        ],
        [
          797.6357126594012,
          743.547870189067
        ],
        [
          414.963212659401,
          802.7410975575235
        ]
      ]
    },
    "wall_5": {
      "quad_px": [
        [
          797.6357126594012,
          589.8899390801334
        ],
        [
          900.1724999999999,
          368.9778070770766
        ],
        [
          900.1724999999999,
          522.6357381860101
        ],
        [
          797.6357126594012,
          743.547870189067
        ]
      ]
    }
  },
  "wall_order": [
    3,
    4,
    5
  ],
  "manifest": {
    "pitch_deg": 35.26,
    "yaw_deg": -15.0,
    "hex_orientation": "flat_top",
    "px_per_hex_edge": 128.0,
    "hex_edge_world": 1.0,
    "thickness_world": 0.55,
    "elevation_step_world": 0.5
  },
  "fit": {
    "mode": "bbox_uniform",
    "source_bbox": [
      129,
      182,
      906,
      828
    ],
    "template_bbox": [
      64.0,
      163.43037007945284,
      960.0,
      860.5696299205471
    ],
    "scale": 0.8541796875
  }
}
