{
  "template": "concept_beveled_design",
  "elevation": 2,
  "canvas": [
    1024,
    1024
  ],
  "scale_px_per_unit": 386.26818030664987,
  "origin_px": [
    512.0,
    255.73446648800734
  ],
  "bevel_inset_world": 0.15,
  "bevel_drop_world": 0.075,
  "inner_edge_world": 0.8267949192431123,
  "faces": {
    "top": {
      "polygon_px": [
        [
          810.789425829516,
          218.57619445485483
        ],
        [
          591.6943599541933,
          92.09530514645729
        ],
        [
          292.40493412467725,
          138.3905237265784
        ],
        [
          212.21057417048394,
          311.166631615097
        ],
        [
          431.3056400458066,
          437.6475209234945
        ],
        [
          730.5950658753228,
          391.35230234337337
        ]
      ]
    },
    "bevel_0": {
      "quad_px": [
        [
          810.789425829516,
          218.57619445485483
        ],
        [
          591.6943599541933,
          92.09530514645729
        ],
        [
          608.494258295161,
          78.85080846087254
        ],
        [
          873.4875,
          231.8281506827915
        ]
      ]
    },
    "bevel_1": {
      "quad_px": [
        [
          591.6943599541933,
          92.09530514645729
        ],
        [
          292.40493412467725,
          138.3905237265784
        ],
        [
          246.50675829516115,
          134.84440191752066
        ],
        [
          608.494258295161,
          78.85080846087254
        ]
      ]
    },
    "bevel_2": {
      "quad_px": [
        [
          292.40493412467725,
          138.3905237265784
        ],
        [
          212.21057417048394,
          311.166631615097
        ],
        [
          149.5125000000001,
          343.81533759608783
        ],
        [
          246.50675829516115,
          134.84440191752066
        ]
      ]
    },
    "bevel_3": {
      "quad_px": [
        [
          212.21057417048394,
          311.166631615097
        ],
        [
          431.3056400458066,
          437.6475209234945
        ],
        [
          414.5057417048388,
          496.7926798180069
        ],
        [
          149.5125000000001,
          343.81533759608783
        ]
      ]
    },
    "bevel_4": {
      "quad_px": [
        [
          431.3056400458066,
          437.6475209234945
        ],
        [
          730.5950658753228,
          391.35230234337337
        ],
        [
          776.493241704839,
          440.7990863613587
        ],
        [
          414.5057417048388,
          496.7926798180069
        ]
      ]
    },
    "bevel_5": {
      "quad_px": [
        [
          730.5950658753228,
          391.35230234337337
        ],
        [
          810.789425829516,
          218.57619445485483
        ],
        [
          873.4875,
          231.8281506827915
        ],
        [
          776.493241704839,
          440.7990863613587
        ]
      ]
    },
    "wall_3": {
      "quad_px": [
        [
          149.5125000000001,
          343.81533759608783
        ],
        [
          414.5057417048388,
          496.7926798180069
        ],
        [
          414.5057417048388,
          948.1491915391275
        ],
        [
          149.5125000000001,
          795.1718493172084
        ]
      ]
    },
    "wall_4": {
      "quad_px": [
        [
          414.5057417048388,
          496.7926798180069
        ],
        [
          776.493241704839,
          440.7990863613587
        ],
        [
          776.493241704839,
          892.1555980824793
        ],
        [
          414.5057417048388,
          948.1491915391275
        ]
      ]
    },
    "wall_5": {
      "quad_px": [
        [
          776.493241704839,
          440.7990863613587
        ],
        [
          873.4875,
          231.8281506827915
        ],
        [
          873.4875,
          683.1846624039121
        ],
        [
          776.493241704839,
          892.1555980824793
        ]
      ]
    }
  },
  "wall_order": [
    3,
    4,
    5
  ],
  "manifest": {
    "pitch_deg": 35.26,
    "yaw_deg": -15.0,
    "hex_orientation": "flat_top",
    "px_per_hex_edge": 128.0,
    "hex_edge_world": 1.0,
    "thickness_world": 0.55,
    "elevation_step_world": 0.5
  },
  "fit": {
    "mode": "bbox_uniform",
    "source_bbox": [
      144,
      56,
      879,
      971
    ],
    "template_bbox": [
      138.8935887681244,
      63.99999999999997,
      885.1064112318757,
      960.0
    ],
    "scale": 0.970199088256981
  }
}
