{
  "template": "concept_beveled_design",
  "elevation": 1,
  "canvas": [
    1024,
    1024
  ],
  "scale_px_per_unit": 463.8037288237172,
  "origin_px": [
    512.0,
    298.972996274738
  ],
  "bevel_inset_world": 0.15,
  "bevel_drop_world": 0.075,
  "inner_edge_world": 0.8267949192431123,
  "faces": {
    "top": {
      "polygon_px": [
        [
          808.8822293317888,
          290.37447188043274
        ],
        [
          590.0852519814665,
          164.06566541463167
        ],
        [
          291.2030226496776,
          210.29789730280697
        ],
        [
          211.1177706682111,
          382.8389356567834
        ],
        [
          429.9147480185334,
          509.1477421225845
        ],
        [
          728.7969773503224,
          462.91551023440917
        ]
      ]
    },
    "bevel_0": {
      "quad_px": [
        [
          808.8822293317888,
          290.37447188043274
        ],
        [
          590.0852519814665,
          164.06566541463167
        ],
        [
          606.8622933178888,
          150.83918845242857
        ],
        [
          871.495,
          303.60839823595046
        ]
      ]
    },
    "bevel_1": {
      "quad_px": [
        [
          590.0852519814665,
          164.06566541463167
        ],
        [
          291.2030226496776,
          210.29789730280697
        ],
        [
          245.36729331788877,
          206.75660014927178
        ],
        [
          606.8622933178888,
          150.83918845242857
        ]
      ]
    },
    "bevel_2": {
      "quad_px": [
        [
          291.2030226496776,
          210.29789730280697
        ],
        [
          211.1177706682111,
          382.8389356567834
        ],
        [
          148.505,
          415.4432216296368
        ],
        [
          245.36729331788877,
          206.75660014927178
        ]
      ]
    },
    "bevel_3": {
      "quad_px": [
        [
          211.1177706682111,
          382.8389356567834
        ],
        [
          429.9147480185334,
          509.1477421225845
        ],
        [
          413.1377066821111,
          568.2124314131587
        ],
        [
          148.505,
          415.4432216296368
        ]
      ]
    },
    "bevel_4": {
      "quad_px": [
        [
          429.9147480185334,
          509.1477421225845
        ],
        [
          728.7969773503224,
          462.91551023440917
        ],
        [
          774.6327066821113,
          512.2950197163156
        ],
        [
          413.1377066821111,
          568.2124314131587
        ]
      ]
    },
    "bevel_5": {
      "quad_px": [
        [
          728.7969773503224,
          462.91551023440917
        ],
        [
          808.8822293317888,
          290.37447188043274
        ],
        [
          871.495,
          303.60839823595046
        ],
        [
          774.6327066821113,
          512.2950197163156
        ]
      ]
    },
    "wall_3": {
      "quad_px": [
        [
          148.505,
          415.4432216296368
        ],
        [
          413.1377066821111,
          568.2124314131587
        ],
        [
          413.1377066821111,
          866.1608115475715
        ],
        [
          148.505,
          713.3916017640495
        ]
      ]
    },
    "wall_4": {
      "quad_px": [
        [
          413.1377066821111,
          568.2124314131587
        ],
        [
          774.6327066821113,
          512.2950197163156
        ],
        [
          774.6327066821113,
          810.2433998507281
        ],
        [
          413.1377066821111,
          866.1608115475715
        ]
      ]
    },
    "wall_5": {
      "quad_px": [
        [
          774.6327066821113,
          512.2950197163156
        ],
        [
          871.495,
          303.60839823595046
        ],
        [
          871.495,
          601.5567783703631
        ],
        [
          774.6327066821113,
          810.2433998507281
        ]
      ]
    }
  },
  "wall_order": [
    3,
    4,
    5
  ],
  "manifest": {
    "pitch_deg": 35.26,
    "yaw_deg": -15.0,
    "hex_orientation": "flat_top",
    "px_per_hex_edge": 128.0,
    "hex_edge_world": 1.0,
    "thickness_world": 0.55,
    "elevation_step_world": 0.5
  },
  "fit": {
    "mode": "bbox_uniform",
    "source_bbox": [
      143,
      129,
      877,
      888
    ],
    "template_bbox": [
      64.0,
      68.7517017571142,
      960.0,
      955.2482982428858
    ],
    "scale": 0.8069084821428572
  }
}
