{
  "template": "concept_beveled_design",
  "elevation": 0,
  "canvas": [
    1024,
    1024
  ],
  "scale_px_per_unit": 463.8037288237172,
  "origin_px": [
    512.0,
    393.65166459707666
  ],
  "bevel_inset_world": 0.15,
  "bevel_drop_world": 0.075,
  "inner_edge_world": 0.8267949192431123,
  "faces": {
    "top": {
      "polygon_px": [
        [
          837.3140191954228,
          344.686055841428
        ],
        [
          600.6317303450741,
          208.05227881983933
        ],
        [
          277.3177111496513,
          258.0637122247593
        ],
        [
          190.68598080457718,
          444.7089226512678
        ],
        [
          427.36826965492577,
          581.3426996728565
        ],
        [
          750.6822888503489,
          531.3312662679365
        ]
      ]
    },
    "bevel_0": {
      "quad_px": [
        [
          837.3140191954228,
          344.686055841428
        ],
        [
          600.6317303450741,
          208.05227881983933
        ],
        [
          618.7801919542285,
          193.74461845473144
        ],
        [
          905.045,
          359.00177454208335
        ]
      ]
    },
    "bevel_1": {
      "quad_px": [
        [
          600.6317303450741,
          208.05227881983933
        ],
        [
          277.3177111496513,
          258.0637122247593
        ],
        [
          227.73519195422847,
          254.2329357398724
        ],
        [
          618.7801919542285,
          193.74461845473144
        ]
      ]
    },
    "bevel_2": {
      "quad_px": [
        [
          277.3177111496513,
          258.0637122247593
        ],
        [
          190.68598080457718,
          444.7089226512678
        ],
        [
          122.95500000000004,
          479.97840911236545
        ],
        [
          227.73519195422847,
          254.2329357398724
        ]
      ]
    },
    "bevel_3": {
      "quad_px": [
        [
          190.68598080457718,
          444.7089226512678
        ],
        [
          427.36826965492577,
          581.3426996728565
        ],
        [
          409.2198080457714,
          645.2355651997175
        ],
        [
          122.95500000000004,
          479.97840911236545
        ]
      ]
    },
    "bevel_4": {
      "quad_px": [
        [
          427.36826965492577,
          581.3426996728565
        ],
        [
          750.6822888503489,
          531.3312662679365
        ],
        [
          800.2648080457717,
          584.7472479145765
        ],
        [
          409.2198080457714,
          645.2355651997175
        ]
      ]
    },
    "bevel_5": {
      "quad_px": [
        [
          750.6822888503489,
          531.3312662679365
        ],
        [
          837.3140191954228,
          344.686055841428
        ],
        [
          905.045,
          359.00177454208335
        ],
        [
          800.2648080457717,
          584.7472479145765
        ]
      ]
    },
    "wall_3": {
      "quad_px": [
        [
          122.95500000000004,
          479.97840911236545
        ],
        [
          409.2198080457714,
          645.2355651997175
        ],
        [
          409.2198080457714,
          802.2553815452686
        ],
        [
          122.95500000000004,
          636.9982254579166
        ]
      ]
    },
    "wall_4": {
      "quad_px": [
        [
          409.2198080457714,
          645.2355651997175
        ],
        [
          800.2648080457717,
          584.7472479145765
        ],
        [
          800.2648080457717,
          741.7670642601277
        ],
        [
          409.2198080457714,
          802.2553815452686
        ]
      ]
    },
    "wall_5": {
      "quad_px": [
        [
          800.2648080457717,
          584.7472479145765
        ],
        [
          905.045,
          359.00177454208335
        ],
        [
          905.045,
          516.0215908876346
        ],
        [
          800.2648080457717,
          741.7670642601277
        ]
      ]
    }
  },
  "wall_order": [
    3,
    4,
    5
  ],
  "manifest": {
    "pitch_deg": 35.26,
    "yaw_deg": -15.0,
    "hex_orientation": "flat_top",
    "px_per_hex_edge": 128.0,
    "hex_edge_world": 1.0,
    "thickness_world": 0.55,
    "elevation_step_world": 0.5
  },
  "fit": {
    "mode": "bbox_uniform",
    "source_bbox": [
      117,
      172,
      911,
      824
    ],
    "template_bbox": [
      64.0,
      163.43037007945284,
      960.0,
      860.5696299205471
    ],
    "scale": 0.8728683035714285
  }
}
