{
  "template": "concept_beveled_design",
  "elevation": 2,
  "canvas": [
    1024,
    1024
  ],
  "scale_px_per_unit": 386.26818030664987,
  "origin_px": [
    512.0,
    255.73446648800734
  ],
  "bevel_inset_world": 0.15,
  "bevel_drop_world": 0.075,
  "inner_edge_world": 0.8267949192431123,
  "faces": {
    "top": {
      "polygon_px": [
        [
          812.418211820425,
          214.97116694168392
        ],
        [
          592.1307918451005,
          87.80194626290057
        ],
        [
          291.2125800246755,
          134.34911161080458
        ],
        [
          210.58178817957497,
          308.06549763749206
        ],
        [
          430.8692081548994,
          435.2347183162754
        ],
        [
          731.7874199753246,
          388.68755296837134
        ]
      ]
    },
    "bevel_0": {
      "quad_px": [
        [
          812.418211820425,
          214.97116694168392
        ],
        [
          592.1307918451005,
          87.80194626290057
        ],
        [
          609.0221182042503,
          74.4853706837888
        ],
        [
          875.4575,
          228.29524265929643
        ]
      ]
    },
    "bevel_1": {
      "quad_px": [
        [
          592.1307918451005,
          87.80194626290057
        ],
        [
          291.2125800246755,
          134.34911161080458
        ],
        [
          245.06461820425045,
          130.78369117965673
        ],
        [
          609.0221182042503,
          74.4853706837888
        ]
      ]
    },
    "bevel_2": {
      "quad_px": [
        [
          291.2125800246755,
          134.34911161080458
        ],
        [
          210.58178817957497,
          308.06549763749206
        ],
        [
          147.54250000000002,
          340.89188365103246
        ],
        [
          245.06461820425045,
          130.78369117965673
        ]
      ]
    },
    "bevel_3": {
      "quad_px": [
        [
          210.58178817957497,
          308.06549763749206
        ],
        [
          430.8692081548994,
          435.2347183162754
        ],
        [
          413.97788179574945,
          494.70175562654026
        ],
        [
          147.54250000000002,
          340.89188365103246
        ]
      ]
    },
    "bevel_4": {
      "quad_px": [
        [
          430.8692081548994,
          435.2347183162754
        ],
        [
          731.7874199753246,
          388.68755296837134
        ],
        [
          777.9353817957497,
          438.4034351306722
        ],
        [
          413.97788179574945,
          494.70175562654026
        ]
      ]
    },
    "bevel_5": {
      "quad_px": [
        [
          731.7874199753246,
          388.68755296837134
        ],
        [
          812.418211820425,
          214.97116694168392
        ],
        [
          875.4575,
          228.29524265929643
        ],
        [
          777.9353817957497,
          438.4034351306722
        ]
      ]
    },
    "wall_3": {
      "quad_px": [
        [
          147.54250000000002,
          340.89188365103246
        ],
        [
          413.97788179574945,
          494.70175562654026
        ],
        [
          413.97788179574945,
          948.5146293162112
        ],
        [
          147.54250000000002,
          794.7047573407035
        ]
      ]
    },
    "wall_4": {
      "quad_px": [
        [
          413.97788179574945,
          494.70175562654026
        ],
        [
          777.9353817957497,
          438.4034351306722
        ],
        [
          777.9353817957497,
          892.2163088203432
        ],
        [
          413.97788179574945,
          948.5146293162112
        ]
      ]
    },
    "wall_5": {
      "quad_px": [
        [
          777.9353817957497,
          438.4034351306722
        ],
        [
          875.4575,
          228.29524265929643
        ],
        [
          875.4575,
          682.1081163489674
        ],
        [
          777.9353817957497,
          892.2163088203432
        ]
      ]
    }
  },
  "wall_order": [
    3,
    4,
    5
  ],
  "manifest": {
    "pitch_deg": 35.26,
    "yaw_deg": -15.0,
    "hex_orientation": "flat_top",
    "px_per_hex_edge": 128.0,
    "hex_edge_world": 1.0,
    "thickness_world": 0.55,
    "elevation_step_world": 0.5
  },
  "fit": {
    "mode": "bbox_uniform",
    "source_bbox": [
      142,
      60,
      881,
      963
    ],
    "template_bbox": [
      138.8935887681244,
      63.99999999999997,
      885.1064112318757,
      960.0
    ],
    "scale": 0.9754790832951143
  }
}
