{
  "template": "concept_beveled_design",
  "elevation": 1,
  "canvas": [
    1024,
    1024
  ],
  "scale_px_per_unit": 463.8037288237172,
  "origin_px": [
    512.0,
    298.972996274738
  ],
  "bevel_inset_world": 0.15,
  "bevel_drop_world": 0.075,
  "inner_edge_world": 0.8267949192431123,
  "faces": {
    "top": {
      "polygon_px": [
        [
          813.3254083181522,
          292.0914294162401
        ],
        [
          592.7398998178272,
          164.75012589486028
        ],
        [
          291.414491499675,
          211.3602779347101
        ],
        [
          210.67459168184774,
          385.3117334959397
        ],
        [
          431.26010018217266,
          512.6530370173195
        ],
        [
          732.5855085003251,
          466.0428849774697
        ]
      ]
    },
    "bevel_0": {
      "quad_px": [
        [
          813.3254083181522,
          292.0914294162401
        ],
        [
          592.7398998178272,
          164.75012589486028
        ],
        [
          609.6540831815228,
          151.41553059236674
        ],
        [
          876.45,
          305.4335350062716
        ]
      ]
    },
    "bevel_1": {
      "quad_px": [
        [
          592.7398998178272,
          164.75012589486028
        ],
        [
          291.414491499675,
          211.3602779347101
        ],
        [
          245.20408318152278,
          207.7900328480397
        ],
        [
          609.6540831815228,
          151.41553059236674
        ]
      ]
    },
    "bevel_2": {
      "quad_px": [
        [
          291.414491499675,
          211.3602779347101
        ],
        [
          210.67459168184774,
          385.3117334959397
        ],
        [
          147.55,
          418.18253951761756
        ],
        [
          245.20408318152278,
          207.7900328480397
        ]
      ]
    },
    "bevel_3": {
      "quad_px": [
        [
          210.67459168184774,
          385.3117334959397
        ],
        [
          431.26010018217266,
          512.6530370173195
        ],
        [
          414.3459168184771,
          572.2005439315225
        ],
        [
          147.55,
          418.18253951761756
        ]
      ]
    },
    "bevel_4": {
      "quad_px": [
        [
          431.26010018217266,
          512.6530370173195
        ],
        [
          732.5855085003251,
          466.0428849774697
        ],
        [
          778.7959168184774,
          515.8260416758495
        ],
        [
          414.3459168184771,
          572.2005439315225
        ]
      ]
    },
    "bevel_5": {
      "quad_px": [
        [
          732.5855085003251,
          466.0428849774697
        ],
        [
          813.3254083181522,
          292.0914294162401
        ],
        [
          876.45,
          305.4335350062716
        ],
        [
          778.7959168184774,
          515.8260416758495
        ]
      ]
    },
    "wall_3": {
      "quad_px": [
        [
          147.55,
          418.18253951761756
        ],
        [
          414.3459168184771,
          572.2005439315225
        ],
        [
          414.3459168184771,
          872.5844694076333
        ],
        [
          147.55,
          718.5664649937282
        ]
      ]
    },
    "wall_4": {
      "quad_px": [
        [
          414.3459168184771,
          572.2005439315225
        ],
        [
          778.7959168184774,
          515.8260416758495
        ],
        [
          778.7959168184774,
          816.2099671519602
        ],
        [
          414.3459168184771,
          872.5844694076333
        ]
      ]
    },
    "wall_5": {
      "quad_px": [
        [
          778.7959168184774,
          515.8260416758495
        ],
        [
          876.45,
          305.4335350062716
        ],
        [
          876.45,
          605.8174604823823
        ],
        [
          778.7959168184774,
          816.2099671519602
        ]
      ]
    }
  },
  "wall_order": [
    3,
    4,
    5
  ],
  "manifest": {
    "pitch_deg": 35.26,
    "yaw_deg": -15.0,
    "hex_orientation": "flat_top",
    "px_per_hex_edge": 128.0,
    "hex_edge_world": 1.0,
    "thickness_world": 0.55,
    "elevation_step_world": 0.5
  },
  "fit": {
    "mode": "bbox_uniform",
    "source_bbox": [
      142,
      136,
      882,
      888
    ],
    "template_bbox": [
      64.0,
      68.7517017571142,
      960.0,
      955.2482982428858
    ],
    "scale": 0.8135044642857142
  }
}
