{
  "template": "concept_beveled_design",
  "elevation": 0,
  "canvas": [
    1024,
    1024
  ],
  "scale_px_per_unit": 463.8037288237172,
  "origin_px": [
    512.0,
    393.65166459707666
  ],
  "bevel_inset_world": 0.15,
  "bevel_drop_world": 0.075,
  "inner_edge_world": 0.8267949192431123,
  "faces": {
    "top": {
      "polygon_px": [
        [
          824.8197137567875,
          367.8995023052585
        ],
        [
          596.1858150814506,
          235.91196203377427
        ],
        [
          283.8661013246632,
          284.22275475615913
        ],
        [
          200.18028624321244,
          464.52108775002824
        ],
        [
          428.8141849185492,
          596.5086280215125
        ],
        [
          741.1338986753369,
          548.1978352991275
        ]
      ]
    },
    "bevel_0": {
      "quad_px": [
        [
          824.8197137567875,
          367.8995023052585
        ],
        [
          596.1858150814506,
          235.91196203377427
        ],
        [
          613.7171375678756,
          222.09083419997359
        ],
        [
          890.2475,
          381.728414450602
        ]
      ]
    },
    "bevel_1": {
      "quad_px": [
        [
          596.1858150814506,
          235.91196203377427
        ],
        [
          283.8661013246632,
          284.22275475615913
        ],
        [
          235.96963756787562,
          280.5222439703805
        ],
        [
          613.7171375678756,
          222.09083419997359
        ]
      ]
    },
    "bevel_2": {
      "quad_px": [
        [
          283.8661013246632,
          284.22275475615913
        ],
        [
          200.18028624321244,
          464.52108775002824
        ],
        [
          134.75250000000005,
          498.591233991416
        ],
        [
          235.96963756787562,
          280.5222439703805
        ]
      ]
    },
    "bevel_3": {
      "quad_px": [
        [
          200.18028624321244,
          464.52108775002824
        ],
        [
          428.8141849185492,
          596.5086280215125
        ],
        [
          411.28286243212426,
          658.2288142420445
        ],
        [
          134.75250000000005,
          498.591233991416
        ]
      ]
    },
    "bevel_4": {
      "quad_px": [
        [
          428.8141849185492,
          596.5086280215125
        ],
        [
          741.1338986753369,
          548.1978352991275
        ],
        [
          789.0303624321245,
          599.7974044716375
        ],
        [
          411.28286243212426,
          658.2288142420445
        ]
      ]
    },
    "bevel_5": {
      "quad_px": [
        [
          741.1338986753369,
          548.1978352991275
        ],
        [
          824.8197137567875,
          367.8995023052585
        ],
        [
          890.2475,
          381.728414450602
        ],
        [
          789.0303624321245,
          599.7974044716375
        ]
      ]
    },
    "wall_3": {
      "quad_px": [
        [
          134.75250000000005,
          498.591233991416
        ],
        [
          411.28286243212426,
          658.2288142420445
        ],
        [
          411.28286243212426,
          809.9091658000265
        ],
        [
          134.75250000000005,
          650.271585549398
        ]
      ]
    },
    "wall_4": {
      "quad_px": [
        [
          411.28286243212426,
          658.2288142420445
        ],
        [
          789.0303624321245,
          599.7974044716375
        ],
        [
          789.0303624321245,
          751.4777560296195
        ],
        [
          411.28286243212426,
          809.9091658000265
        ]
      ]
    },
    "wall_5": {
      "quad_px": [
        [
          789.0303624321245,
          599.7974044716375
        ],
        [
          890.2475,
          381.728414450602
        ],
        [
          890.2475,
          533.408766008584
        ],
        [
          789.0303624321245,
          751.4777560296195
        ]
      ]
    }
  },
  "wall_order": [
    3,
    4,
    5
  ],
  "manifest": {
    "pitch_deg": 35.26,
    "yaw_deg": -15.0,
    "hex_orientation": "flat_top",
    "px_per_hex_edge": 128.0,
    "hex_edge_world": 1.0,
    "thickness_world": 0.55,
    "elevation_step_world": 0.5
  },
  "fit": {
    "mode": "bbox_uniform",
    "source_bbox": [
      129,
      201,
      896,
      831
    ],
    "template_bbox": [
      64.0,
      163.43037007945284,
      960.0,
      860.5696299205471
    ],
    "scale": 0.8431863839285714
  }
}
