{
  "template": "concept_beveled_design",
  "elevation": 1,
  "canvas": [
    1024,
    1024
  ],
  "scale_px_per_unit": 463.8037288237172,
  "origin_px": [
    512.0,
    298.972996274738
  ],
  "bevel_inset_world": 0.15,
  "bevel_drop_world": 0.075,
  "inner_edge_world": 0.8267949192431123,
  "faces": {
    "top": {
      "polygon_px": [
        [
          810.7894258295161,
          282.0772981364006
        ],
        [
          591.6943599541933,
          155.59640882800306
        ],
        [
          292.4049341246772,
          201.89162740812418
        ],
        [
          212.21057417048388,
          374.6677352966428
        ],
        [
          431.3056400458066,
          501.1486246050403
        ],
        [
          730.5950658753229,
          454.85340602491925
        ]
      ]
    },
    "bevel_0": {
      "quad_px": [
        [
          810.7894258295161,
          282.0772981364006
        ],
        [
          591.6943599541933,
          155.59640882800306
        ],
        [
          608.4942582951611,
          142.3519121424183
        ],
        [
          873.4875,
          295.3292543643373
        ]
      ]
    },
    "bevel_1": {
      "quad_px": [
        [
          591.6943599541933,
          155.59640882800306
        ],
        [
          292.4049341246772,
          201.89162740812418
        ],
        [
          246.5067582951611,
          198.34550559906643
        ],
        [
          608.4942582951611,
          142.3519121424183
        ]
      ]
    },
    "bevel_2": {
      "quad_px": [
        [
          292.4049341246772,
          201.89162740812418
        ],
        [
          212.21057417048388,
          374.6677352966428
        ],
        [
          149.5125,
          407.3164412776336
        ],
        [
          246.5067582951611,
          198.34550559906643
        ]
      ]
    },
    "bevel_3": {
      "quad_px": [
        [
          212.21057417048388,
          374.6677352966428
        ],
        [
          431.3056400458066,
          501.1486246050403
        ],
        [
          414.5057417048388,
          560.2937834995527
        ],
        [
          149.5125,
          407.3164412776336
        ]
      ]
    },
    "bevel_4": {
      "quad_px": [
        [
          431.3056400458066,
          501.1486246050403
        ],
        [
          730.5950658753229,
          454.85340602491925
        ],
        [
          776.493241704839,
          504.30019004290455
        ],
        [
          414.5057417048388,
          560.2937834995527
        ]
      ]
    },
    "bevel_5": {
      "quad_px": [
        [
          730.5950658753229,
          454.85340602491925
        ],
        [
          810.7894258295161,
          282.0772981364006
        ],
        [
          873.4875,
          295.3292543643373
        ],
        [
          776.493241704839,
          504.30019004290455
        ]
      ]
    },
    "wall_3": {
      "quad_px": [
        [
          149.5125,
          407.3164412776336
        ],
        [
          414.5057417048388,
          560.2937834995527
        ],
        [
          414.5057417048388,
          858.6480878575817
        ],
        [
          149.5125,
          705.6707456356626
        ]
      ]
    },
    "wall_4": {
      "quad_px": [
        [
          414.5057417048388,
          560.2937834995527
        ],
        [
          776.493241704839,
          504.30019004290455
        ],
        [
          776.493241704839,
          802.6544944009336
        ],
        [
          414.5057417048388,
          858.6480878575817
        ]
      ]
    },
    "wall_5": {
      "quad_px": [
        [
          776.493241704839,
          504.30019004290455
        ],
        [
          873.4875,
          295.3292543643373
        ],
        [
          873.4875,
          593.6835587223663
        ],
        [
          776.493241704839,
          802.6544944009336
        ]
      ]
    }
  },
  "wall_order": [
    3,
    4,
    5
  ],
  "manifest": {
    "pitch_deg": 35.26,
    "yaw_deg": -15.0,
    "hex_orientation": "flat_top",
    "px_per_hex_edge": 128.0,
    "hex_edge_world": 1.0,
    "thickness_world": 0.55,
    "elevation_step_world": 0.5
  },
  "fit": {
    "mode": "bbox_uniform",
    "source_bbox": [
      144,
      120,
      879,
      881
    ],
    "template_bbox": [
      64.0,
      68.7517017571142,
      960.0,
      955.2482982428858
    ],
    "scale": 0.8080078125
  }
}
