{
  "template": "concept_beveled_design",
  "elevation": 2,
  "canvas": [
    1024,
    1024
  ],
  "scale_px_per_unit": 386.26818030664987,
  "origin_px": [
    512.0,
    255.73446648800734
  ],
  "bevel_inset_world": 0.15,
  "bevel_drop_world": 0.075,
  "inner_edge_world": 0.8267949192431123,
  "faces": {
    "top": {
      "polygon_px": [
        [
          812.1189627886063,
          202.853570645586
        ],
        [
          587.6583034632756,
          73.27519017045216
        ],
        [
          281.03934067466935,
          120.70416920559666
        ],
        [
          198.88103721139373,
          297.7115287158749
        ],
        [
          423.3416965367243,
          427.28990919100863
        ],
        [
          729.9606593253307,
          379.86093015586414
        ]
      ]
    },
    "bevel_0": {
      "quad_px": [
        [
          812.1189627886063,
          202.853570645586
        ],
        [
          587.6583034632756,
          73.27519017045216
        ],
        [
          604.869627886063,
          59.706338463995905
        ],
        [
          876.3525,
          216.4300645770639
        ]
      ]
    },
    "bevel_1": {
      "quad_px": [
        [
          587.6583034632756,
          73.27519017045216
        ],
        [
          281.03934067466935,
          120.70416920559666
        ],
        [
          234.01712788606307,
          117.07120359713338
        ],
        [
          604.869627886063,
          59.706338463995905
        ]
      ]
    },
    "bevel_2": {
      "quad_px": [
        [
          281.03934067466935,
          120.70416920559666
        ],
        [
          198.88103721139373,
          297.7115287158749
        ],
        [
          134.6475000000001,
          331.15979484333894
        ],
        [
          234.01712788606307,
          117.07120359713338
        ]
      ]
    },
    "bevel_3": {
      "quad_px": [
        [
          198.88103721139373,
          297.7115287158749
        ],
        [
          423.3416965367243,
          427.28990919100863
        ],
        [
          406.1303721139369,
          487.88352095640704
        ],
        [
          134.6475000000001,
          331.15979484333894
        ]
      ]
    },
    "bevel_4": {
      "quad_px": [
        [
          423.3416965367243,
          427.28990919100863
        ],
        [
          729.9606593253307,
          379.86093015586414
        ],
        [
          776.982872113937,
          430.5186558232695
        ],
        [
          406.1303721139369,
          487.88352095640704
        ]
      ]
    },
    "bevel_5": {
      "quad_px": [
        [
          729.9606593253307,
          379.86093015586414
        ],
        [
          812.1189627886063,
          202.853570645586
        ],
        [
          876.3525,
          216.4300645770639
        ],
        [
          776.982872113937,
          430.5186558232695
        ]
      ]
    },
    "wall_3": {
      "quad_px": [
        [
          134.6475000000001,
          331.15979484333894
        ],
        [
          406.1303721139369,
          487.88352095640704
        ],
        [
          406.1303721139369,
          950.293661536004
        ],
        [
          134.6475000000001,
          793.5699354229359
        ]
      ]
    },
    "wall_4": {
      "quad_px": [
        [
          406.1303721139369,
          487.88352095640704
        ],
        [
          776.982872113937,
          430.5186558232695
        ],
        [
          776.982872113937,
          892.9287964028665
        ],
        [
          406.1303721139369,
          950.293661536004
        ]
      ]
    },
    "wall_5": {
      "quad_px": [
        [
          776.982872113937,
          430.5186558232695
        ],
        [
          876.3525,
          216.4300645770639
        ],
        [
          876.3525,
          678.8402051566609
        ],
        [
          776.982872113937,
          892.9287964028665
        ]
      ]
    }
  },
  "wall_order": [
    3,
    4,
    5
  ],
  "manifest": {
    "pitch_deg": 35.26,
    "yaw_deg": -15.0,
    "hex_orientation": "flat_top",
    "px_per_hex_edge": 128.0,
    "hex_edge_world": 1.0,
    "thickness_world": 0.55,
    "elevation_step_world": 0.5
  },
  "fit": {
    "mode": "bbox_uniform",
    "source_bbox": [
      129,
      19,
      882,
      991
    ],
    "template_bbox": [
      138.8935887681244,
      63.99999999999997,
      885.1064112318757,
      960.0
    ],
    "scale": 0.9939590659285805
  }
}
