{
  "template": "concept_beveled_design",
  "elevation": 1,
  "canvas": [
    1024,
    1024
  ],
  "scale_px_per_unit": 463.8037288237172,
  "origin_px": [
    512.0,
    298.972996274738
  ],
  "bevel_inset_world": 0.15,
  "bevel_drop_world": 0.075,
  "inner_edge_world": 0.8267949192431123,
  "faces": {
    "top": {
      "polygon_px": [
        [
          811.3254083181522,
          289.0914294162401
        ],
        [
          590.7398998178272,
          161.75012589486028
        ],
        [
          289.414491499675,
          208.3602779347101
        ],
        [
          208.67459168184774,
          382.3117334959397
        ],
        [
          429.26010018217266,
          509.6530370173195
        ],
        [
          730.5855085003251,
          463.0428849774697
        ]
      ]
    },
    "bevel_0": {
      "quad_px": [
        [
          811.3254083181522,
          289.0914294162401
        ],
        [
          590.7398998178272,
          161.75012589486028
        ],
        [
          607.6540831815228,
          148.41553059236674
        ],
        [
          874.45,
          302.4335350062716
        ]
      ]
    },
    "bevel_1": {
      "quad_px": [
        [
          590.7398998178272,
          161.75012589486028
        ],
        [
          289.414491499675,
          208.3602779347101
        ],
        [
          243.20408318152278,
          204.7900328480397
        ],
        [
          607.6540831815228,
          148.41553059236674
        ]
      ]
    },
    "bevel_2": {
      "quad_px": [
        [
          289.414491499675,
          208.3602779347101
        ],
        [
          208.67459168184774,
          382.3117334959397
        ],
        [
          145.55,
          415.18253951761756
        ],
        [
          243.20408318152278,
          204.7900328480397
        ]
      ]
    },
    "bevel_3": {
      "quad_px": [
        [
          208.67459168184774,
          382.3117334959397
        ],
        [
          429.26010018217266,
          509.6530370173195
        ],
        [
          412.3459168184771,
          569.2005439315225
        ],
        [
          145.55,
          415.18253951761756
        ]
      ]
    },
    "bevel_4": {
      "quad_px": [
        [
          429.26010018217266,
          509.6530370173195
        ],
        [
          730.5855085003251,
          463.0428849774697
        ],
        [
          776.7959168184774,
          512.8260416758495
        ],
        [
          412.3459168184771,
          569.2005439315225
        ]
      ]
    },
    "bevel_5": {
      "quad_px": [
        [
          730.5855085003251,
          463.0428849774697
        ],
        [
          811.3254083181522,
          289.0914294162401
        ],
        [
          874.45,
          302.4335350062716
        ],
        [
          776.7959168184774,
          512.8260416758495
        ]
      ]
    },
    "wall_3": {
      "quad_px": [
        [
          145.55,
          415.18253951761756
        ],
        [
          412.3459168184771,
          569.2005439315225
        ],
        [
          412.3459168184771,
          869.5844694076333
        ],
        [
          145.55,
          715.5664649937282
        ]
      ]
    },
    "wall_4": {
      "quad_px": [
        [
          412.3459168184771,
          569.2005439315225
        ],
        [
          776.7959168184774,
          512.8260416758495
        ],
        [
          776.7959168184774,
          813.2099671519602
        ],
        [
          412.3459168184771,
          869.5844694076333
        ]
      ]
    },
    "wall_5": {
      "quad_px": [
        [
          776.7959168184774,
          512.8260416758495
        ],
        [
          874.45,
          302.4335350062716
        ],
        [
          874.45,
          602.8174604823823
        ],
        [
          776.7959168184774,
          813.2099671519602
        ]
      ]
    }
  },
  "wall_order": [
    3,
    4,
    5
  ],
  "manifest": {
    "pitch_deg": 35.26,
    "yaw_deg": -15.0,
    "hex_orientation": "flat_top",
    "px_per_hex_edge": 128.0,
    "hex_edge_world": 1.0,
    "thickness_world": 0.55,
    "elevation_step_world": 0.5
  },
  "fit": {
    "mode": "bbox_uniform",
    "source_bbox": [
      140,
      131,
      880,
      887
    ],
    "template_bbox": [
      64.0,
      68.7517017571142,
      960.0,
      955.2482982428858
    ],
    "scale": 0.8135044642857142
  }
}
