{
  "template": "concept_beveled_design",
  "elevation": 2,
  "canvas": [
    1024,
    1024
  ],
  "scale_px_per_unit": 386.26818030664987,
  "origin_px": [
    512.0,
    255.73446648800734
  ],
  "bevel_inset_world": 0.15,
  "bevel_drop_world": 0.075,
  "inner_edge_world": 0.8267949192431123,
  "faces": {
    "top": {
      "polygon_px": [
        [
          810.418211820425,
          212.97116694168392
        ],
        [
          590.1307918451005,
          85.80194626290057
        ],
        [
          289.2125800246755,
          132.34911161080458
        ],
        [
          208.58178817957497,
          306.06549763749206
        ],
        [
          428.8692081548994,
          433.2347183162754
        ],
        [
          729.7874199753246,
          386.68755296837134
        ]
      ]
    },
    "bevel_0": {
      "quad_px": [
        [
          810.418211820425,
          212.97116694168392
        ],
        [
          590.1307918451005,
          85.80194626290057
        ],
        [
          607.0221182042503,
          72.4853706837888
        ],
        [
          873.4575,
          226.29524265929643
        ]
      ]
    },
    "bevel_1": {
      "quad_px": [
        [
          590.1307918451005,
          85.80194626290057
        ],
        [
          289.2125800246755,
          132.34911161080458
        ],
        [
          243.06461820425045,
          128.78369117965673
        ],
        [
          607.0221182042503,
          72.4853706837888
        ]
      ]
    },
    "bevel_2": {
      "quad_px": [
        [
          289.2125800246755,
          132.34911161080458
        ],
        [
          208.58178817957497,
          306.06549763749206
        ],
        [
          145.54250000000002,
          338.89188365103246
        ],
        [
          243.06461820425045,
          128.78369117965673
        ]
      ]
    },
    "bevel_3": {
      "quad_px": [
        [
          208.58178817957497,
          306.06549763749206
        ],
        [
          428.8692081548994,
          433.2347183162754
        ],
        [
          411.97788179574945,
          492.70175562654026
        ],
        [
          145.54250000000002,
          338.89188365103246
        ]
      ]
    },
    "bevel_4": {
      "quad_px": [
        [
          428.8692081548994,
          433.2347183162754
        ],
        [
          729.7874199753246,
          386.68755296837134
        ],
        [
          775.9353817957497,
          436.4034351306722
        ],
        [
          411.97788179574945,
          492.70175562654026
        ]
      ]
    },
    "bevel_5": {
      "quad_px": [
        [
          729.7874199753246,
          386.68755296837134
        ],
        [
          810.418211820425,
          212.97116694168392
        ],
        [
          873.4575,
          226.29524265929643
        ],
        [
          775.9353817957497,
          436.4034351306722
        ]
      ]
    },
    "wall_3": {
      "quad_px": [
        [
          145.54250000000002,
          338.89188365103246
        ],
        [
          411.97788179574945,
          492.70175562654026
        ],
        [
          411.97788179574945,
          946.5146293162112
        ],
        [
          145.54250000000002,
          792.7047573407035
        ]
      ]
    },
    "wall_4": {
      "quad_px": [
        [
          411.97788179574945,
          492.70175562654026
        ],
        [
          775.9353817957497,
          436.4034351306722
        ],
        [
          775.9353817957497,
          890.2163088203432
        ],
        [
          411.97788179574945,
          946.5146293162112
        ]
      ]
    },
    "wall_5": {
      "quad_px": [
        [
          775.9353817957497,
          436.4034351306722
        ],
        [
          873.4575,
          226.29524265929643
        ],
        [
          873.4575,
          680.1081163489674
        ],
        [
          775.9353817957497,
          890.2163088203432
        ]
      ]
    }
  },
  "wall_order": [
    3,
    4,
    5
  ],
  "manifest": {
    "pitch_deg": 35.26,
    "yaw_deg": -15.0,
    "hex_orientation": "flat_top",
    "px_per_hex_edge": 128.0,
    "hex_edge_world": 1.0,
    "thickness_world": 0.55,
    "elevation_step_world": 0.5
  },
  "fit": {
    "mode": "bbox_uniform",
    "source_bbox": [
      140,
      46,
      879,
      973
    ],
    "template_bbox": [
      138.8935887681244,
      63.99999999999997,
      885.1064112318757,
      960.0
    ],
    "scale": 0.9754790832951143
  }
}
