{
  "template": "concept_beveled_design",
  "elevation": 0,
  "canvas": [
    1024,
    1024
  ],
  "scale_px_per_unit": 463.8037288237172,
  "origin_px": [
    512.0,
    393.65166459707666
  ],
  "bevel_inset_world": 0.15,
  "bevel_drop_world": 0.075,
  "inner_edge_world": 0.8267949192431123,
  "faces": {
    "top": {
      "polygon_px": [
        [
          832.8708402090595,
          363.84459950005703
        ],
        [
          597.9770825087134,
          228.24331953404715
        ],
        [
          277.1062422996539,
          277.87683278729264
        ],
        [
          191.12915979094055,
          463.1116260065479
        ],
        [
          426.02291749128653,
          598.7129059725578
        ],
        [
          746.8937577003462,
          549.0793927193123
        ]
      ]
    },
    "bevel_0": {
      "quad_px": [
        [
          832.8708402090595,
          363.84459950005703
        ],
        [
          597.9770825087134,
          228.24331953404715
        ],
        [
          615.9884020905945,
          214.0437775092297
        ],
        [
          900.0899999999999,
          378.05213896619864
        ]
      ]
    },
    "bevel_1": {
      "quad_px": [
        [
          597.9770825087134,
          228.24331953404715
        ],
        [
          277.1062422996539,
          277.87683278729264
        ],
        [
          227.89840209059452,
          274.07500423554086
        ],
        [
          615.9884020905945,
          214.0437775092297
        ]
      ]
    },
    "bevel_2": {
      "quad_px": [
        [
          277.1062422996539,
          277.87683278729264
        ],
        [
          191.12915979094055,
          463.1116260065479
        ],
        [
          123.91000000000003,
          498.11459241882113
        ],
        [
          227.89840209059452,
          274.07500423554086
        ]
      ]
    },
    "bevel_3": {
      "quad_px": [
        [
          191.12915979094055,
          463.1116260065479
        ],
        [
          426.02291749128653,
          598.7129059725578
        ],
        [
          408.0115979094054,
          662.1229538757901
        ],
        [
          123.91000000000003,
          498.11459241882113
        ]
      ]
    },
    "bevel_4": {
      "quad_px": [
        [
          426.02291749128653,
          598.7129059725578
        ],
        [
          746.8937577003462,
          549.0793927193123
        ],
        [
          796.1015979094057,
          602.091727149479
        ],
        [
          408.0115979094054,
          662.1229538757901
        ]
      ]
    },
    "bevel_5": {
      "quad_px": [
        [
          746.8937577003462,
          549.0793927193123
        ],
        [
          832.8708402090595,
          363.84459950005703
        ],
        [
          900.0899999999999,
          378.05213896619864
        ],
        [
          796.1015979094057,
          602.091727149479
        ]
      ]
    },
    "wall_3": {
      "quad_px": [
        [
          123.91000000000003,
          498.11459241882113
        ],
        [
          408.0115979094054,
          662.1229538757901
        ],
        [
          408.0115979094054,
          817.9562224907704
        ],
        [
          123.91000000000003,
          653.9478610338014
        ]
      ]
    },
    "wall_4": {
      "quad_px": [
        [
          408.0115979094054,
          662.1229538757901
        ],
        [
          796.1015979094057,
          602.091727149479
        ],
        [
          796.1015979094057,
          757.9249957644591
        ],
        [
          408.0115979094054,
          817.9562224907704
        ]
      ]
    },
    "wall_5": {
      "quad_px": [
        [
          796.1015979094057,
          602.091727149479
        ],
        [
          900.0899999999999,
          378.05213896619864
        ],
        [
          900.0899999999999,
          533.8854075811789
        ],
        [
          796.1015979094057,
          757.9249957644591
        ]
      ]
    }
  },
  "wall_order": [
    3,
    4,
    5
  ],
  "manifest": {
    "pitch_deg": 35.26,
    "yaw_deg": -15.0,
    "hex_orientation": "flat_top",
    "px_per_hex_edge": 128.0,
    "hex_edge_world": 1.0,
    "thickness_world": 0.55,
    "elevation_step_world": 0.5
  },
  "fit": {
    "mode": "bbox_uniform",
    "source_bbox": [
      118,
      181,
      906,
      851
    ],
    "template_bbox": [
      64.0,
      163.43037007945284,
      960.0,
      860.5696299205471
    ],
    "scale": 0.8662723214285714
  }
}
