{
  "512 direct": {
    "size": [
      512,
      512
    ],
    "crop": [
      250,
      202
    ],
    "sharpness_mean_abs_neighbor": 7.957005609261248,
    "rgb_mean_visible": [
      111.5347243452563,
      100.70806583104046,
      60.57023845918679
    ]
  },
  "1024->512": {
    "size": [
      512,
      512
    ],
    "crop": [
      252,
      206
    ],
    "sharpness_mean_abs_neighbor": 9.750711065534121,
    "rgb_mean_visible": [
      110.67793539827525,
      99.93026993927641,
      59.9060315354391
    ]
  },
  "2048->512": {
    "size": [
      512,
      512
    ],
    "crop": [
      252,
      205
    ],
    "sharpness_mean_abs_neighbor": 10.56074584641708,
    "rgb_mean_visible": [
      110.16883647317098,
      99.45839076938786,
      59.53305764027161
    ]
  },
  "1024->512 sharp80": {
    "size": [
      512,
      512
    ],
    "crop": [
      252,
      206
    ],
    "sharpness_mean_abs_neighbor": 13.779501963895285,
    "rgb_mean_visible": [
      111.07983311576953,
      100.29954695538662,
      60.16987893214569
    ]
  },
  "1024->512 sharp140": {
    "size": [
      512,
      512
    ],
    "crop": [
      252,
      206
    ],
    "sharpness_mean_abs_neighbor": 17.01151248960006,
    "rgb_mean_visible": [
      111.30686623779378,
      100.50226824204834,
      60.32032191096189
    ]
  },
  "1024->512 sharp220": {
    "size": [
      512,
      512
    ],
    "crop": [
      252,
      206
    ],
    "sharpness_mean_abs_neighbor": 21.120155563725017,
    "rgb_mean_visible": [
      111.60587480759364,
      100.79917906618779,
      60.57891226269882
    ]
  },
  "2048->512 sharp80": {
    "size": [
      512,
      512
    ],
    "crop": [
      252,
      205
    ],
    "sharpness_mean_abs_neighbor": 15.15064697704714,
    "rgb_mean_visible": [
      110.58971601239405,
      99.8425392435533,
      59.80059409490154
    ]
  },
  "2048->512 sharp140": {
    "size": [
      512,
      512
    ],
    "crop": [
      252,
      205
    ],
    "sharpness_mean_abs_neighbor": 18.775322516356706,
    "rgb_mean_visible": [
      110.82897502948265,
      100.06209301133158,
      59.97085063836333
    ]
  },
  "2048->512 sharp220": {
    "size": [
      512,
      512
    ],
    "crop": [
      252,
      205
    ],
    "sharpness_mean_abs_neighbor": 23.297745545045352,
    "rgb_mean_visible": [
      111.20720535783018,
      100.45939288188653,
      60.31497780400811
    ]
  },
  "2048 closest->512": {
    "size": [
      512,
      512
    ],
    "crop": [
      252,
      205
    ],
    "sharpness_mean_abs_neighbor": 10.88511904183234,
    "rgb_mean_visible": [
      110.73553887782712,
      99.94537193036197,
      59.92078929902486
    ]
  },
  "2048 closest sharp80": {
    "size": [
      512,
      512
    ],
    "crop": [
      252,
      205
    ],
    "sharpness_mean_abs_neighbor": 15.697588054013591,
    "rgb_mean_visible": [
      111.12171263219892,
      100.30782822462933,
      60.18345240838903
    ]
  },
  "2048 closest sharp140": {
    "size": [
      512,
      512
    ],
    "crop": [
      252,
      205
    ],
    "sharpness_mean_abs_neighbor": 19.478481086493687,
    "rgb_mean_visible": [
      111.34881813054402,
      100.52007383479464,
      60.35958570476337
    ]
  }
}