{
  "template": "concept_beveled_design",
  "elevation": 1,
  "canvas": [
    1024,
    1024
  ],
  "scale_px_per_unit": 460.8998624614135,
  "origin_px": [
    512.0,
    307.8336252684428
  ],
  "bevel_inset_world": 0.055,
  "bevel_drop_world": 0.035,
  "inner_edge_world": 0.9364914703891412,
  "faces": {
    "top": {
      "polygon_px": [
        [
          928.9213955329965,
          243.34264940642265
        ],
        [
          623.7137512403232,
          67.15002672168555
        ],
        [
          206.7923557073267,
          131.64100258370567
        ],
        [
          95.07860446700352,
          372.32460113046295
        ],
        [
          400.2862487596767,
          548.5172238152
        ],
        [
          817.2076442926734,
          484.0262479531799
        ]
      ]
    },
    "bevel_0": {
      "quad_px": [
        [
          928.9213955329965,
          243.34264940642265
        ],
        [
          623.7137512403232,
          67.15002672168555
        ],
        [
          631.2896622901462,
          64.00000000000006
        ],
        [
          957.1950804845587,
          252.14119322573615
        ]
      ]
    },
    "bevel_1": {
      "quad_px": [
        [
          623.7137512403232,
          67.15002672168555
        ],
        [
          206.7923557073267,
          131.64100258370567
        ],
        [
          186.09458180558755,
          132.86445621893617
        ],
        [
          631.2896622901462,
          64.00000000000006
        ]
      ]
    },
    "bevel_2": {
      "quad_px": [
        [
          206.7923557073267,
          131.64100258370567
        ],
        [
          95.07860446700352,
          372.32460113046295
        ],
        [
          66.80491951544127,
          389.8701056636084
        ],
        [
          186.09458180558755,
          132.86445621893617
        ]
      ]
    },
    "bevel_3": {
      "quad_px": [
        [
          95.07860446700352,
          372.32460113046295
        ],
        [
          400.2862487596767,
          548.5172238152
        ],
        [
          392.71033770985355,
          578.0112988893445
        ],
        [
          66.80491951544127,
          389.8701056636084
        ]
      ]
    },
    "bevel_4": {
      "quad_px": [
        [
          400.2862487596767,
          548.5172238152
        ],
        [
          817.2076442926734,
          484.0262479531799
        ],
        [
          837.9054181944126,
          509.14684267040843
        ],
        [
          392.71033770985355,
          578.0112988893445
        ]
      ]
    },
    "bevel_5": {
      "quad_px": [
        [
          817.2076442926734,
          484.0262479531799
        ],
        [
          928.9213955329965,
          243.34264940642265
        ],
        [
          957.1950804845587,
          252.14119322573615
        ],
        [
          837.9054181944126,
          509.14684267040843
        ]
      ]
    },
    "wall_3": {
      "quad_px": [
        [
          66.80491951544127,
          389.8701056636084
        ],
        [
          392.71033770985355,
          578.0112988893445
        ],
        [
          392.71033770985355,
          960.0
        ],
        [
          66.80491951544127,
          771.8588067742638
        ]
      ]
    },
    "wall_4": {
      "quad_px": [
        [
          392.71033770985355,
          578.0112988893445
        ],
        [
          837.9054181944126,
          509.14684267040843
        ],
        [
          837.9054181944126,
          891.1355437810638
        ],
        [
          392.71033770985355,
          960.0
        ]
      ]
    },
    "wall_5": {
      "quad_px": [
        [
          837.9054181944126,
          509.14684267040843
        ],
        [
          957.1950804845587,
          252.14119322573615
        ],
        [
          957.1950804845587,
          634.1298943363915
        ],
        [
          837.9054181944126,
          891.1355437810638
        ]
      ]
    }
  },
  "wall_order": [
    3,
    4,
    5
  ],
  "manifest": {
    "pitch_deg": 35.26,
    "yaw_deg": -15.0,
    "hex_orientation": "flat_top",
    "px_per_hex_edge": 128.0,
    "hex_edge_world": 1.0,
    "thickness_world": 0.55,
    "elevation_step_world": 0.5
  }
}
