{
  "template": "concept_beveled_uv",
  "layout": "beveled_net_v1",
  "elevation": 2,
  "canvas": [
    1536,
    1024
  ],
  "px_per_unit": 256.0,
  "bevel_inset_world": 0.055,
  "bevel_drop_world": 0.035,
  "faces": {
    "top": {
      "polygon_px": [
        [
          1007.7418164196202,
          318.08
        ],
        [
          887.8709082098102,
          110.45749663118372
        ],
        [
          648.1290917901902,
          110.45749663118369
        ],
        [
          528.25818358038,
          318.0799999999999
        ],
        [
          648.1290917901899,
          525.7025033688162
        ],
        [
          887.8709082098102,
          525.7025033688162
        ]
      ],
      "center_px": [
        768.0000000000001,
        318.08
      ],
      "px_per_unit": 256.0
    },
    "bevel_0": {
      "quad_px": [
        [
          1007.7418164196202,
          318.08
        ],
        [
          887.8709082098102,
          110.45749663118372
        ],
        [
          896.0000000000001,
          96.3774966311837
        ],
        [
          1024.0,
          318.08
        ]
      ]
    },
    "bevel_1": {
      "quad_px": [
        [
          887.8709082098102,
          110.45749663118372
        ],
        [
          648.1290917901902,
          110.45749663118369
        ],
        [
          640.0000000000002,
          96.37749663118367
        ],
        [
          896.0000000000001,
          96.3774966311837
        ]
      ]
    },
    "bevel_2": {
      "quad_px": [
        [
          648.1290917901902,
          110.45749663118369
        ],
        [
          528.25818358038,
          318.0799999999999
        ],
        [
          512.0000000000001,
          318.0799999999999
        ],
        [
          640.0000000000002,
          96.37749663118367
        ]
      ]
    },
    "bevel_3": {
      "quad_px": [
        [
          528.25818358038,
          318.0799999999999
        ],
        [
          648.1290917901899,
          525.7025033688162
        ],
        [
          640.0,
          539.7825033688163
        ],
        [
          512.0000000000001,
          318.0799999999999
        ]
      ]
    },
    "bevel_4": {
      "quad_px": [
        [
          648.1290917901899,
          525.7025033688162
        ],
        [
          887.8709082098102,
          525.7025033688162
        ],
        [
          896.0000000000001,
          539.7825033688163
        ],
        [
          640.0,
          539.7825033688163
        ]
      ]
    },
    "bevel_5": {
      "quad_px": [
        [
          887.8709082098102,
          525.7025033688162
        ],
        [
          1007.7418164196202,
          318.08
        ],
        [
          1024.0,
          318.08
        ],
        [
          896.0000000000001,
          539.7825033688163
        ]
      ]
    },
    "wall_3": {
      "quad_px": [
        [
          512.0000000000001,
          318.0799999999999
        ],
        [
          640.0,
          539.7825033688163
        ],
        [
          304.1207073962433,
          733.7025033688162
        ],
        [
          176.12070739624335,
          512.0
        ]
      ]
    },
    "wall_4": {
      "quad_px": [
        [
          640.0,
          539.7825033688163
        ],
        [
          896.0000000000001,
          539.7825033688163
        ],
        [
          896.0000000000001,
          927.6225033688163
        ],
        [
          639.9999999999999,
          927.6225033688163
        ]
      ]
    },
    "wall_5": {
      "quad_px": [
        [
          896.0000000000001,
          539.7825033688163
        ],
        [
          1024.0,
          318.08
        ],
        [
          1359.8792926037568,
          512.0000000000002
        ],
        [
          1231.8792926037568,
          733.7025033688165
        ]
      ]
    }
  },
  "bevel_order": [
    0,
    1,
    2,
    3,
    4,
    5
  ],
  "wall_order": [
    3,
    4,
    5
  ],
  "manifest": {
    "pitch_deg": 35.26,
    "yaw_deg": -15.0,
    "hex_orientation": "flat_top",
    "px_per_hex_edge": 128.0,
    "hex_edge_world": 1.0,
    "thickness_world": 0.55,
    "elevation_step_world": 0.5
  }
}
