{
  "template": "concept_beveled_design",
  "elevation": 2,
  "canvas": [
    1024,
    1024
  ],
  "scale_px_per_unit": 380.904840625323,
  "origin_px": [
    512.0,
    265.513204356286
  ],
  "bevel_inset_world": 0.055,
  "bevel_drop_world": 0.035,
  "inner_edge_world": 0.9364914703891412,
  "faces": {
    "top": {
      "polygon_px": [
        [
          856.5593948991004,
          212.2154560095919
        ],
        [
          604.3244116077703,
          66.60329959740352
        ],
        [
          259.76501670866986,
          119.90104794409757
        ],
        [
          167.44060510089952,
          318.81095270298005
        ],
        [
          419.67558839222954,
          464.4231091151685
        ],
        [
          764.2349832913302,
          411.12536076847437
        ]
      ]
    },
    "bevel_0": {
      "quad_px": [
        [
          856.5593948991004,
          212.2154560095919
        ],
        [
          604.3244116077703,
          66.60329959740352
        ],
        [
          610.585427125574,
          64.0
        ],
        [
          879.925822918521,
          219.48690085952632
        ]
      ]
    },
    "bevel_1": {
      "quad_px": [
        [
          604.3244116077703,
          66.60329959740352
        ],
        [
          259.76501670866986,
          119.90104794409757
        ],
        [
          242.659604207053,
          120.91215567029909
        ],
        [
          610.585427125574,
          64.0
        ]
      ]
    },
    "bevel_2": {
      "quad_px": [
        [
          259.76501670866986,
          119.90104794409757
        ],
        [
          167.44060510089952,
          318.81095270298005
        ],
        [
          144.07417708147898,
          333.3112122001245
        ],
        [
          242.659604207053,
          120.91215567029909
        ]
      ]
    },
    "bevel_3": {
      "quad_px": [
        [
          167.44060510089952,
          318.81095270298005
        ],
        [
          419.67558839222954,
          464.4231091151685
        ],
        [
          413.41457287442586,
          488.79811305965075
        ],
        [
          144.07417708147898,
          333.3112122001245
        ]
      ]
    },
    "bevel_4": {
      "quad_px": [
        [
          419.67558839222954,
          464.4231091151685
        ],
        [
          764.2349832913302,
          411.12536076847437
        ],
        [
          781.3403957929471,
          431.8859573893517
        ],
        [
          413.41457287442586,
          488.79811305965075
        ]
      ]
    },
    "bevel_5": {
      "quad_px": [
        [
          764.2349832913302,
          411.12536076847437
        ],
        [
          856.5593948991004,
          212.2154560095919
        ],
        [
          879.925822918521,
          219.48690085952632
        ],
        [
          781.3403957929471,
          431.8859573893517
        ]
      ]
    },
    "wall_3": {
      "quad_px": [
        [
          144.07417708147898,
          333.3112122001245
        ],
        [
          413.41457287442586,
          488.79811305965075
        ],
        [
          413.41457287442586,
          960.0
        ],
        [
          144.07417708147898,
          804.5130991404736
        ]
      ]
    },
    "wall_4": {
      "quad_px": [
        [
          413.41457287442586,
          488.79811305965075
        ],
        [
          781.3403957929471,
          431.8859573893517
        ],
        [
          781.3403957929471,
          903.0878443297009
        ],
        [
          413.41457287442586,
          960.0
        ]
      ]
    },
    "wall_5": {
      "quad_px": [
        [
          781.3403957929471,
          431.8859573893517
        ],
        [
          879.925822918521,
          219.48690085952632
        ],
        [
          879.925822918521,
          690.6887877998755
        ],
        [
          781.3403957929471,
          903.0878443297009
        ]
      ]
    }
  },
  "wall_order": [
    3,
    4,
    5
  ],
  "manifest": {
    "pitch_deg": 35.26,
    "yaw_deg": -15.0,
    "hex_orientation": "flat_top",
    "px_per_hex_edge": 128.0,
    "hex_edge_world": 1.0,
    "thickness_world": 0.55,
    "elevation_step_world": 0.5
  }
}
