{
  "template": "concept_beveled_design",
  "elevation": 2,
  "canvas": [
    1024,
    1024
  ],
  "scale_px_per_unit": 382.89854773058033,
  "origin_px": [
    512.0,
    261.878167172959
  ],
  "bevel_inset_world": 0.085,
  "bevel_drop_world": 0.05,
  "inner_edge_world": 0.9018504542377637,
  "faces": {
    "top": {
      "polygon_px": [
        [
          837.9585913033925,
          218.1986205257703
        ],
        [
          598.9743159019459,
          80.23593495484687
        ],
        [
          272.51572459855356,
          130.73378264812965
        ],
        [
          185.04140869660756,
          319.19431591233604
        ],
        [
          424.02568409805394,
          457.15700148325953
        ],
        [
          750.4842754014466,
          406.6591537899767
        ]
      ]
    },
    "bevel_0": {
      "quad_px": [
        [
          837.9585913033925,
          218.1986205257703
        ],
        [
          598.9743159019459,
          80.23593495484687
        ],
        [
          608.4942582951611,
          75.02575327679511
        ],
        [
          873.4875,
          228.00309549871417
        ]
      ]
    },
    "bevel_1": {
      "quad_px": [
        [
          598.9743159019459,
          80.23593495484687
        ],
        [
          272.51572459855356,
          130.73378264812965
        ],
        [
          246.50675829516115,
          131.01934673344329
        ],
        [
          608.4942582951611,
          75.02575327679511
        ]
      ]
    },
    "bevel_2": {
      "quad_px": [
        [
          272.51572459855356,
          130.73378264812965
        ],
        [
          185.04140869660756,
          319.19431591233604
        ],
        [
          149.51250000000005,
          339.9902824120105
        ],
        [
          246.50675829516115,
          131.01934673344329
        ]
      ]
    },
    "bevel_3": {
      "quad_px": [
        [
          185.04140869660756,
          319.19431591233604
        ],
        [
          424.02568409805394,
          457.15700148325953
        ],
        [
          414.5057417048388,
          492.9676246339296
        ],
        [
          149.51250000000005,
          339.9902824120105
        ]
      ]
    },
    "bevel_4": {
      "quad_px": [
        [
          424.02568409805394,
          457.15700148325953
        ],
        [
          750.4842754014466,
          406.6591537899767
        ],
        [
          776.493241704839,
          436.9740311772814
        ],
        [
          414.5057417048388,
          492.9676246339296
        ]
      ]
    },
    "bevel_5": {
      "quad_px": [
        [
          750.4842754014466,
          406.6591537899767
        ],
        [
          837.9585913033925,
          218.1986205257703
        ],
        [
          873.4875,
          228.00309549871417
        ],
        [
          776.493241704839,
          436.9740311772814
        ]
      ]
    },
    "wall_3": {
      "quad_px": [
        [
          149.51250000000005,
          339.9902824120105
        ],
        [
          414.5057417048388,
          492.9676246339296
        ],
        [
          414.5057417048388,
          951.9742467232049
        ],
        [
          149.51250000000005,
          798.9969045012858
        ]
      ]
    },
    "wall_4": {
      "quad_px": [
        [
          414.5057417048388,
          492.9676246339296
        ],
        [
          776.493241704839,
          436.9740311772814
        ],
        [
          776.493241704839,
          895.9806532665567
        ],
        [
          414.5057417048388,
          951.9742467232049
        ]
      ]
    },
    "wall_5": {
      "quad_px": [
        [
          776.493241704839,
          436.9740311772814
        ],
        [
          873.4875,
          228.00309549871417
        ],
        [
          873.4875,
          687.0097175879895
        ],
        [
          776.493241704839,
          895.9806532665567
        ]
      ]
    }
  },
  "wall_order": [
    3,
    4,
    5
  ],
  "manifest": {
    "pitch_deg": 35.26,
    "yaw_deg": -15.0,
    "hex_orientation": "flat_top",
    "px_per_hex_edge": 128.0,
    "hex_edge_world": 1.0,
    "thickness_world": 0.55,
    "elevation_step_world": 0.5
  },
  "fit": {
    "mode": "bbox_uniform",
    "source_bbox": [
      144,
      56,
      879,
      971
    ],
    "template_bbox": [
      142.14840389845494,
      64.00000000000003,
      881.851596101545,
      960.0
    ],
    "scale": 0.9787371578642966
  }
}
