{
  "template": "concept_beveled_design",
  "elevation": 1,
  "canvas": [
    1024,
    1024
  ],
  "scale_px_per_unit": 463.8037288237172,
  "origin_px": [
    512.0,
    303.70692969085496
  ],
  "bevel_inset_world": 0.085,
  "bevel_drop_world": 0.05,
  "inner_edge_world": 0.9018504542377637,
  "faces": {
    "top": {
      "polygon_px": [
        [
          836.0144299546804,
          289.9974116573743
        ],
        [
          597.3553032272495,
          152.22243042056078
        ],
        [
          271.34087327256907,
          202.65157355915886
        ],
        [
          183.9855700453196,
          390.8556979345704
        ],
        [
          422.6446967727504,
          528.6306791713839
        ],
        [
          748.659126727431,
          478.2015360327858
        ]
      ]
    },
    "bevel_0": {
      "quad_px": [
        [
          836.0144299546804,
          289.9974116573743
        ],
        [
          597.3553032272495,
          152.22243042056078
        ],
        [
          606.8622933178888,
          147.0193374250643
        ],
        [
          871.495,
          299.7885472085862
        ]
      ]
    },
    "bevel_1": {
      "quad_px": [
        [
          597.3553032272495,
          152.22243042056078
        ],
        [
          271.34087327256907,
          202.65157355915886
        ],
        [
          245.36729331788877,
          202.93674912190744
        ],
        [
          606.8622933178888,
          147.0193374250643
        ]
      ]
    },
    "bevel_2": {
      "quad_px": [
        [
          271.34087327256907,
          202.65157355915886
        ],
        [
          183.9855700453196,
          390.8556979345704
        ],
        [
          148.505,
          411.6233706022726
        ],
        [
          245.36729331788877,
          202.93674912190744
        ]
      ]
    },
    "bevel_3": {
      "quad_px": [
        [
          183.9855700453196,
          390.8556979345704
        ],
        [
          422.6446967727504,
          528.6306791713839
        ],
        [
          413.1377066821111,
          564.3925803857945
        ],
        [
          148.505,
          411.6233706022726
        ]
      ]
    },
    "bevel_4": {
      "quad_px": [
        [
          422.6446967727504,
          528.6306791713839
        ],
        [
          748.659126727431,
          478.2015360327858
        ],
        [
          774.6327066821113,
          508.4751686889513
        ],
        [
          413.1377066821111,
          564.3925803857945
        ]
      ]
    },
    "bevel_5": {
      "quad_px": [
        [
          748.659126727431,
          478.2015360327858
        ],
        [
          836.0144299546804,
          289.9974116573743
        ],
        [
          871.495,
          299.7885472085862
        ],
        [
          774.6327066821113,
          508.4751686889513
        ]
      ]
    },
    "wall_3": {
      "quad_px": [
        [
          148.505,
          411.6233706022726
        ],
        [
          413.1377066821111,
          564.3925803857945
        ],
        [
          413.1377066821111,
          869.9806625749356
        ],
        [
          148.505,
          717.2114527914138
        ]
      ]
    },
    "wall_4": {
      "quad_px": [
        [
          413.1377066821111,
          564.3925803857945
        ],
        [
          774.6327066821113,
          508.4751686889513
        ],
        [
          774.6327066821113,
          814.0632508780925
        ],
        [
          413.1377066821111,
          869.9806625749356
        ]
      ]
    },
    "wall_5": {
      "quad_px": [
        [
          774.6327066821113,
          508.4751686889513
        ],
        [
          871.495,
          299.7885472085862
        ],
        [
          871.495,
          605.3766293977274
        ],
        [
          774.6327066821113,
          814.0632508780925
        ]
      ]
    }
  },
  "wall_order": [
    3,
    4,
    5
  ],
  "manifest": {
    "pitch_deg": 35.26,
    "yaw_deg": -15.0,
    "hex_orientation": "flat_top",
    "px_per_hex_edge": 128.0,
    "hex_edge_world": 1.0,
    "thickness_world": 0.55,
    "elevation_step_world": 0.5
  },
  "fit": {
    "mode": "bbox_uniform",
    "source_bbox": [
      143,
      129,
      877,
      888
    ],
    "template_bbox": [
      64.0,
      64.01776834099726,
      960.0,
      959.9822316590028
    ],
    "scale": 0.8069084821428572
  }
}
