{
  "template": "concept_beveled_design",
  "elevation": 0,
  "canvas": [
    1024,
    1024
  ],
  "scale_px_per_unit": 463.8037288237172,
  "origin_px": [
    512.0,
    398.38559801319366
  ],
  "bevel_inset_world": 0.085,
  "bevel_drop_world": 0.05,
  "inner_edge_world": 0.9018504542377637,
  "faces": {
    "top": {
      "polygon_px": [
        [
          862.6133679493006,
          354.5694466253685
        ],
        [
          609.9728482392001,
          208.72317902182078
        ],
        [
          264.85948028989947,
          262.10661801186257
        ],
        [
          172.3866320506994,
          461.3363246054522
        ],
        [
          425.0271517607998,
          607.182592209
        ],
        [
          770.1405197101006,
          553.7991532189582
        ]
      ]
    },
    "bevel_0": {
      "quad_px": [
        [
          862.6133679493006,
          354.5694466253685
        ],
        [
          609.9728482392001,
          208.72317902182078
        ],
        [
          620.036787340599,
          203.21527267645183
        ],
        [
          900.1724999999999,
          364.934177311052
        ]
      ]
    },
    "bevel_1": {
      "quad_px": [
        [
          609.9728482392001,
          208.72317902182078
        ],
        [
          264.85948028989947,
          262.10661801186257
        ],
        [
          237.36428734059888,
          262.40850004490846
        ],
        [
          620.036787340599,
          203.21527267645183
        ]
      ]
    },
    "bevel_2": {
      "quad_px": [
        [
          264.85948028989947,
          262.10661801186257
        ],
        [
          172.3866320506994,
          461.3363246054522
        ],
        [
          134.82750000000004,
          483.32063204796526
        ],
        [
          237.36428734059888,
          262.40850004490846
        ]
      ]
    },
    "bevel_3": {
      "quad_px": [
        [
          172.3866320506994,
          461.3363246054522
        ],
        [
          425.0271517607998,
          607.182592209
        ],
        [
          414.963212659401,
          645.0395366825654
        ],
        [
          134.82750000000004,
          483.32063204796526
        ]
      ]
    },
    "bevel_4": {
      "quad_px": [
        [
          425.0271517607998,
          607.182592209
        ],
        [
          770.1405197101006,
          553.7991532189582
        ],
        [
          797.6357126594012,
          585.8463093141088
        ],
        [
          414.963212659401,
          645.0395366825654
        ]
      ]
    },
    "bevel_5": {
      "quad_px": [
        [
          770.1405197101006,
          553.7991532189582
        ],
        [
          862.6133679493006,
          354.5694466253685
        ],
        [
          900.1724999999999,
          364.934177311052
        ],
        [
          797.6357126594012,
          585.8463093141088
        ]
      ]
    },
    "wall_3": {
      "quad_px": [
        [
          134.82750000000004,
          483.32063204796526
        ],
        [
          414.963212659401,
          645.0395366825654
        ],
        [
          414.963212659401,
          806.7847273235482
        ],
        [
          134.82750000000004,
          645.065822688948
        ]
      ]
    },
    "wall_4": {
      "quad_px": [
        [
          414.963212659401,
          645.0395366825654
        ],
        [
          797.6357126594012,
          585.8463093141088
        ],
        [
          797.6357126594012,
          747.5914999550915
        ],
        [
          414.963212659401,
          806.7847273235482
        ]
      ]
    },
    "wall_5": {
      "quad_px": [
        [
          797.6357126594012,
          585.8463093141088
        ],
        [
          900.1724999999999,
          364.934177311052
        ],
        [
          900.1724999999999,
          526.6793679520347
        ],
        [
          797.6357126594012,
          747.5914999550915
        ]
      ]
    }
  },
  "wall_order": [
    3,
    4,
    5
  ],
  "manifest": {
    "pitch_deg": 35.26,
    "yaw_deg": -15.0,
    "hex_orientation": "flat_top",
    "px_per_hex_edge": 128.0,
    "hex_edge_world": 1.0,
    "thickness_world": 0.55,
    "elevation_step_world": 0.5
  },
  "fit": {
    "mode": "bbox_uniform",
    "source_bbox": [
      129,
      182,
      906,
      828
    ],
    "template_bbox": [
      64.0,
      158.69643666333596,
      960.0,
      865.3035633366641
    ],
    "scale": 0.8541796875
  }
}
