{
  "template": "concept_beveled_design",
  "elevation": 2,
  "canvas": [
    1024,
    1024
  ],
  "scale_px_per_unit": 382.89854773058033,
  "origin_px": [
    512.0,
    261.878167172959
  ],
  "bevel_inset_world": 0.085,
  "bevel_drop_world": 0.05,
  "inner_edge_world": 0.9018504542377637,
  "faces": {
    "top": {
      "polygon_px": [
        [
          839.7352366982409,
          214.59153818849558
        ],
        [
          599.4503666007321,
          75.8780352811317
        ],
        [
          271.2151299024913,
          126.65070119315345
        ],
        [
          183.2647633017591,
          316.13687001253913
        ],
        [
          423.5496333992678,
          454.8503729199031
        ],
        [
          751.7848700975088,
          404.0777070078814
        ]
      ]
    },
    "bevel_0": {
      "quad_px": [
        [
          839.7352366982409,
          214.59153818849558
        ],
        [
          599.4503666007321,
          75.8780352811317
        ],
        [
          609.0221182042504,
          70.63949887285929
        ],
        [
          875.4575,
          224.44937084836704
        ]
      ]
    },
    "bevel_1": {
      "quad_px": [
        [
          599.4503666007321,
          75.8780352811317
        ],
        [
          271.2151299024913,
          126.65070119315345
        ],
        [
          245.0646182042504,
          126.93781936872728
        ],
        [
          609.0221182042504,
          70.63949887285929
        ]
      ]
    },
    "bevel_2": {
      "quad_px": [
        [
          271.2151299024913,
          126.65070119315345
        ],
        [
          183.2647633017591,
          316.13687001253913
        ],
        [
          147.54250000000002,
          337.04601184010306
        ],
        [
          245.0646182042504,
          126.93781936872728
        ]
      ]
    },
    "bevel_3": {
      "quad_px": [
        [
          183.2647633017591,
          316.13687001253913
        ],
        [
          423.5496333992678,
          454.8503729199031
        ],
        [
          413.97788179574945,
          490.8558838156108
        ],
        [
          147.54250000000002,
          337.04601184010306
        ]
      ]
    },
    "bevel_4": {
      "quad_px": [
        [
          423.5496333992678,
          454.8503729199031
        ],
        [
          751.7848700975088,
          404.0777070078814
        ],
        [
          777.9353817957497,
          434.5575633197428
        ],
        [
          413.97788179574945,
          490.8558838156108
        ]
      ]
    },
    "bevel_5": {
      "quad_px": [
        [
          751.7848700975088,
          404.0777070078814
        ],
        [
          839.7352366982409,
          214.59153818849558
        ],
        [
          875.4575,
          224.44937084836704
        ],
        [
          777.9353817957497,
          434.5575633197428
        ]
      ]
    },
    "wall_3": {
      "quad_px": [
        [
          147.54250000000002,
          337.04601184010306
        ],
        [
          413.97788179574945,
          490.8558838156108
        ],
        [
          413.97788179574945,
          952.3605011271407
        ],
        [
          147.54250000000002,
          798.550629151633
        ]
      ]
    },
    "wall_4": {
      "quad_px": [
        [
          413.97788179574945,
          490.8558838156108
        ],
        [
          777.9353817957497,
          434.5575633197428
        ],
        [
          777.9353817957497,
          896.0621806312727
        ],
        [
          413.97788179574945,
          952.3605011271407
        ]
      ]
    },
    "wall_5": {
      "quad_px": [
        [
          777.9353817957497,
          434.5575633197428
        ],
        [
          875.4575,
          224.44937084836704
        ],
        [
          875.4575,
          685.9539881598969
        ],
        [
          777.9353817957497,
          896.0621806312727
        ]
      ]
    }
  },
  "wall_order": [
    3,
    4,
    5
  ],
  "manifest": {
    "pitch_deg": 35.26,
    "yaw_deg": -15.0,
    "hex_orientation": "flat_top",
    "px_per_hex_edge": 128.0,
    "hex_edge_world": 1.0,
    "thickness_world": 0.55,
    "elevation_step_world": 0.5
  },
  "fit": {
    "mode": "bbox_uniform",
    "source_bbox": [
      142,
      60,
      881,
      963
    ],
    "template_bbox": [
      142.14840389845494,
      64.00000000000003,
      881.851596101545,
      960.0
    ],
    "scale": 0.9840636185873677
  }
}
