{
  "template": "concept_beveled_design",
  "elevation": 1,
  "canvas": [
    1024,
    1024
  ],
  "scale_px_per_unit": 463.8037288237172,
  "origin_px": [
    512.0,
    303.70692969085496
  ],
  "bevel_inset_world": 0.085,
  "bevel_drop_world": 0.05,
  "inner_edge_world": 0.9018504542377637,
  "faces": {
    "top": {
      "polygon_px": [
        [
          840.6793980469529,
          291.7112869570259
        ],
        [
          600.0693792754286,
          152.8100797155518
        ],
        [
          271.3899812284757,
          203.65145018225832
        ],
        [
          183.32060195304706,
          393.39402789043885
        ],
        [
          423.93062072457127,
          532.2952351319129
        ],
        [
          752.6100187715244,
          481.45386466520637
        ]
      ]
    },
    "bevel_0": {
      "quad_px": [
        [
          840.6793980469529,
          291.7112869570259
        ],
        [
          600.0693792754286,
          152.8100797155518
        ],
        [
          609.6540831815228,
          147.56445462472425
        ],
        [
          876.45,
          301.58245903862917
        ]
      ]
    },
    "bevel_1": {
      "quad_px": [
        [
          600.0693792754286,
          152.8100797155518
        ],
        [
          271.3899812284757,
          203.65145018225832
        ],
        [
          245.20408318152278,
          203.9389568803972
        ],
        [
          609.6540831815228,
          147.56445462472425
        ]
      ]
    },
    "bevel_2": {
      "quad_px": [
        [
          271.3899812284757,
          203.65145018225832
        ],
        [
          183.32060195304706,
          393.39402789043885
        ],
        [
          147.55,
          414.3314635499751
        ],
        [
          245.20408318152278,
          203.9389568803972
        ]
      ]
    },
    "bevel_3": {
      "quad_px": [
        [
          183.32060195304706,
          393.39402789043885
        ],
        [
          423.93062072457127,
          532.2952351319129
        ],
        [
          414.3459168184771,
          568.34946796388
        ],
        [
          147.55,
          414.3314635499751
        ]
      ]
    },
    "bevel_4": {
      "quad_px": [
        [
          423.93062072457127,
          532.2952351319129
        ],
        [
          752.6100187715244,
          481.45386466520637
        ],
        [
          778.7959168184774,
          511.9749657082071
        ],
        [
          414.3459168184771,
          568.34946796388
        ]
      ]
    },
    "bevel_5": {
      "quad_px": [
        [
          752.6100187715244,
          481.45386466520637
        ],
        [
          840.6793980469529,
          291.7112869570259
        ],
        [
          876.45,
          301.58245903862917
        ],
        [
          778.7959168184774,
          511.9749657082071
        ]
      ]
    },
    "wall_3": {
      "quad_px": [
        [
          147.55,
          414.3314635499751
        ],
        [
          414.3459168184771,
          568.34946796388
        ],
        [
          414.3459168184771,
          876.4355453752758
        ],
        [
          147.55,
          722.4175409613708
        ]
      ]
    },
    "wall_4": {
      "quad_px": [
        [
          414.3459168184771,
          568.34946796388
        ],
        [
          778.7959168184774,
          511.9749657082071
        ],
        [
          778.7959168184774,
          820.0610431196028
        ],
        [
          414.3459168184771,
          876.4355453752758
        ]
      ]
    },
    "wall_5": {
      "quad_px": [
        [
          778.7959168184774,
          511.9749657082071
        ],
        [
          876.45,
          301.58245903862917
        ],
        [
          876.45,
          609.6685364500248
        ],
        [
          778.7959168184774,
          820.0610431196028
        ]
      ]
    }
  },
  "wall_order": [
    3,
    4,
    5
  ],
  "manifest": {
    "pitch_deg": 35.26,
    "yaw_deg": -15.0,
    "hex_orientation": "flat_top",
    "px_per_hex_edge": 128.0,
    "hex_edge_world": 1.0,
    "thickness_world": 0.55,
    "elevation_step_world": 0.5
  },
  "fit": {
    "mode": "bbox_uniform",
    "source_bbox": [
      142,
      136,
      882,
      888
    ],
    "template_bbox": [
      64.0,
      64.01776834099726,
      960.0,
      959.9822316590028
    ],
    "scale": 0.8135044642857142
  }
}
