{
  "template": "concept_beveled_design",
  "elevation": 0,
  "canvas": [
    1024,
    1024
  ],
  "scale_px_per_unit": 463.8037288237172,
  "origin_px": [
    512.0,
    398.38559801319366
  ],
  "bevel_inset_world": 0.085,
  "bevel_drop_world": 0.05,
  "inner_edge_world": 0.9018504542377637,
  "faces": {
    "top": {
      "polygon_px": [
        [
          866.6641108774063,
          344.27817325681156
        ],
        [
          608.496063709041,
          195.24093197339215
        ],
        [
          255.83195283163468,
          249.79234839307452
        ],
        [
          161.3358891225937,
          453.3810060961764
        ],
        [
          419.5039362909589,
          602.4182473795959
        ],
        [
          772.1680471683654,
          547.8668309599135
        ]
      ]
    },
    "bevel_0": {
      "quad_px": [
        [
          866.6641108774063,
          344.27817325681156
        ],
        [
          608.496063709041,
          195.24093197339215
        ],
        [
          618.7801919542285,
          189.61251802458526
        ],
        [
          905.045,
          354.86967411193734
        ]
      ]
    },
    "bevel_1": {
      "quad_px": [
        [
          608.496063709041,
          195.24093197339215
        ],
        [
          255.83195283163468,
          249.79234839307452
        ],
        [
          227.73519195422847,
          250.10083530972625
        ],
        [
          618.7801919542285,
          189.61251802458526
        ]
      ]
    },
    "bevel_2": {
      "quad_px": [
        [
          255.83195283163468,
          249.79234839307452
        ],
        [
          161.3358891225937,
          453.3810060961764
        ],
        [
          122.95500000000004,
          475.84630868221933
        ],
        [
          227.73519195422847,
          250.10083530972625
        ]
      ]
    },
    "bevel_3": {
      "quad_px": [
        [
          161.3358891225937,
          453.3810060961764
        ],
        [
          419.5039362909589,
          602.4182473795959
        ],
        [
          409.2198080457714,
          641.1034647695714
        ],
        [
          122.95500000000004,
          475.84630868221933
        ]
      ]
    },
    "bevel_4": {
      "quad_px": [
        [
          419.5039362909589,
          602.4182473795959
        ],
        [
          772.1680471683654,
          547.8668309599135
        ],
        [
          800.2648080457717,
          580.6151474844304
        ],
        [
          409.2198080457714,
          641.1034647695714
        ]
      ]
    },
    "bevel_5": {
      "quad_px": [
        [
          772.1680471683654,
          547.8668309599135
        ],
        [
          866.6641108774063,
          344.27817325681156
        ],
        [
          905.045,
          354.86967411193734
        ],
        [
          800.2648080457717,
          580.6151474844304
        ]
      ]
    },
    "wall_3": {
      "quad_px": [
        [
          122.95500000000004,
          475.84630868221933
        ],
        [
          409.2198080457714,
          641.1034647695714
        ],
        [
          409.2198080457714,
          806.3874819754147
        ],
        [
          122.95500000000004,
          641.1303258880627
        ]
      ]
    },
    "wall_4": {
      "quad_px": [
        [
          409.2198080457714,
          641.1034647695714
        ],
        [
          800.2648080457717,
          580.6151474844304
        ],
        [
          800.2648080457717,
          745.8991646902738
        ],
        [
          409.2198080457714,
          806.3874819754147
        ]
      ]
    },
    "wall_5": {
      "quad_px": [
        [
          800.2648080457717,
          580.6151474844304
        ],
        [
          905.045,
          354.86967411193734
        ],
        [
          905.045,
          520.1536913177806
        ],
        [
          800.2648080457717,
          745.8991646902738
        ]
      ]
    }
  },
  "wall_order": [
    3,
    4,
    5
  ],
  "manifest": {
    "pitch_deg": 35.26,
    "yaw_deg": -15.0,
    "hex_orientation": "flat_top",
    "px_per_hex_edge": 128.0,
    "hex_edge_world": 1.0,
    "thickness_world": 0.55,
    "elevation_step_world": 0.5
  },
  "fit": {
    "mode": "bbox_uniform",
    "source_bbox": [
      117,
      172,
      911,
      824
    ],
    "template_bbox": [
      64.0,
      158.69643666333596,
      960.0,
      865.3035633366641
    ],
    "scale": 0.8728683035714285
  }
}
