{
  "template": "concept_beveled_design",
  "elevation": 1,
  "canvas": [
    1024,
    1024
  ],
  "scale_px_per_unit": 463.8037288237172,
  "origin_px": [
    512.0,
    303.70692969085496
  ],
  "bevel_inset_world": 0.085,
  "bevel_drop_world": 0.05,
  "inner_edge_world": 0.9018504542377637,
  "faces": {
    "top": {
      "polygon_px": [
        [
          837.9585913033925,
          281.6997242073162
        ],
        [
          598.9743159019459,
          143.73703863639264
        ],
        [
          272.5157245985535,
          194.23488632967548
        ],
        [
          185.0414086966075,
          382.6954195938818
        ],
        [
          424.0256840980539,
          520.6581051648054
        ],
        [
          750.4842754014466,
          470.1602574715225
        ]
      ]
    },
    "bevel_0": {
      "quad_px": [
        [
          837.9585913033925,
          281.6997242073162
        ],
        [
          598.9743159019459,
          143.73703863639264
        ],
        [
          608.4942582951611,
          138.52685695834094
        ],
        [
          873.4875,
          291.50419918026
        ]
      ]
    },
    "bevel_1": {
      "quad_px": [
        [
          598.9743159019459,
          143.73703863639264
        ],
        [
          272.5157245985535,
          194.23488632967548
        ],
        [
          246.5067582951611,
          194.52045041498906
        ],
        [
          608.4942582951611,
          138.52685695834094
        ]
      ]
    },
    "bevel_2": {
      "quad_px": [
        [
          272.5157245985535,
          194.23488632967548
        ],
        [
          185.0414086966075,
          382.6954195938818
        ],
        [
          149.5125,
          403.49138609355634
        ],
        [
          246.5067582951611,
          194.52045041498906
        ]
      ]
    },
    "bevel_3": {
      "quad_px": [
        [
          185.0414086966075,
          382.6954195938818
        ],
        [
          424.0256840980539,
          520.6581051648054
        ],
        [
          414.5057417048388,
          556.4687283154755
        ],
        [
          149.5125,
          403.49138609355634
        ]
      ]
    },
    "bevel_4": {
      "quad_px": [
        [
          424.0256840980539,
          520.6581051648054
        ],
        [
          750.4842754014466,
          470.1602574715225
        ],
        [
          776.493241704839,
          500.4751348588273
        ],
        [
          414.5057417048388,
          556.4687283154755
        ]
      ]
    },
    "bevel_5": {
      "quad_px": [
        [
          750.4842754014466,
          470.1602574715225
        ],
        [
          837.9585913033925,
          281.6997242073162
        ],
        [
          873.4875,
          291.50419918026
        ],
        [
          776.493241704839,
          500.4751348588273
        ]
      ]
    },
    "wall_3": {
      "quad_px": [
        [
          149.5125,
          403.49138609355634
        ],
        [
          414.5057417048388,
          556.4687283154755
        ],
        [
          414.5057417048388,
          862.4731430416591
        ],
        [
          149.5125,
          709.4958008197399
        ]
      ]
    },
    "wall_4": {
      "quad_px": [
        [
          414.5057417048388,
          556.4687283154755
        ],
        [
          776.493241704839,
          500.4751348588273
        ],
        [
          776.493241704839,
          806.4795495850108
        ],
        [
          414.5057417048388,
          862.4731430416591
        ]
      ]
    },
    "wall_5": {
      "quad_px": [
        [
          776.493241704839,
          500.4751348588273
        ],
        [
          873.4875,
          291.50419918026
        ],
        [
          873.4875,
          597.5086139064435
        ],
        [
          776.493241704839,
          806.4795495850108
        ]
      ]
    }
  },
  "wall_order": [
    3,
    4,
    5
  ],
  "manifest": {
    "pitch_deg": 35.26,
    "yaw_deg": -15.0,
    "hex_orientation": "flat_top",
    "px_per_hex_edge": 128.0,
    "hex_edge_world": 1.0,
    "thickness_world": 0.55,
    "elevation_step_world": 0.5
  },
  "fit": {
    "mode": "bbox_uniform",
    "source_bbox": [
      144,
      120,
      879,
      881
    ],
    "template_bbox": [
      64.0,
      64.01776834099726,
      960.0,
      959.9822316590028
    ],
    "scale": 0.8080078125
  }
}
