{
  "template": "concept_beveled_design",
  "elevation": 0,
  "canvas": [
    1024,
    1024
  ],
  "scale_px_per_unit": 463.8037288237172,
  "origin_px": [
    512.0,
    398.38559801319366
  ],
  "bevel_inset_world": 0.085,
  "bevel_drop_world": 0.05,
  "inner_edge_world": 0.9018504542377637,
  "faces": {
    "top": {
      "polygon_px": [
        [
          853.1717544621796,
          367.5054897833432
        ],
        [
          603.7827214922348,
          223.53626552089645
        ],
        [
          263.1109670300552,
          276.2326589640909
        ],
        [
          171.8282455378204,
          472.8982766697321
        ],
        [
          421.21727850776506,
          616.8675009321789
        ],
        [
          761.889032969945,
          564.1711074889845
        ]
      ]
    },
    "bevel_0": {
      "quad_px": [
        [
          853.1717544621796,
          367.5054897833432
        ],
        [
          603.7827214922348,
          223.53626552089645
        ],
        [
          613.7171375678756,
          218.09924600107922
        ],
        [
          890.2475,
          377.7368262517077
        ]
      ]
    },
    "bevel_1": {
      "quad_px": [
        [
          603.7827214922348,
          223.53626552089645
        ],
        [
          263.1109670300552,
          276.2326589640909
        ],
        [
          235.96963756787562,
          276.5306557714862
        ],
        [
          613.7171375678756,
          218.09924600107922
        ]
      ]
    },
    "bevel_2": {
      "quad_px": [
        [
          263.1109670300552,
          276.2326589640909
        ],
        [
          171.8282455378204,
          472.8982766697321
        ],
        [
          134.75250000000005,
          494.5996457925217
        ],
        [
          235.96963756787562,
          276.5306557714862
        ]
      ]
    },
    "bevel_3": {
      "quad_px": [
        [
          171.8282455378204,
          472.8982766697321
        ],
        [
          421.21727850776506,
          616.8675009321789
        ],
        [
          411.28286243212426,
          654.2372260431501
        ],
        [
          134.75250000000005,
          494.5996457925217
        ]
      ]
    },
    "bevel_4": {
      "quad_px": [
        [
          421.21727850776506,
          616.8675009321789
        ],
        [
          761.889032969945,
          564.1711074889845
        ],
        [
          789.0303624321245,
          595.8058162727432
        ],
        [
          411.28286243212426,
          654.2372260431501
        ]
      ]
    },
    "bevel_5": {
      "quad_px": [
        [
          761.889032969945,
          564.1711074889845
        ],
        [
          853.1717544621796,
          367.5054897833432
        ],
        [
          890.2475,
          377.7368262517077
        ],
        [
          789.0303624321245,
          595.8058162727432
        ]
      ]
    },
    "wall_3": {
      "quad_px": [
        [
          134.75250000000005,
          494.5996457925217
        ],
        [
          411.28286243212426,
          654.2372260431501
        ],
        [
          411.28286243212426,
          813.9007539989208
        ],
        [
          134.75250000000005,
          654.2631737482923
        ]
      ]
    },
    "wall_4": {
      "quad_px": [
        [
          411.28286243212426,
          654.2372260431501
        ],
        [
          789.0303624321245,
          595.8058162727432
        ],
        [
          789.0303624321245,
          755.4693442285138
        ],
        [
          411.28286243212426,
          813.9007539989208
        ]
      ]
    },
    "wall_5": {
      "quad_px": [
        [
          789.0303624321245,
          595.8058162727432
        ],
        [
          890.2475,
          377.7368262517077
        ],
        [
          890.2475,
          537.4003542074782
        ],
        [
          789.0303624321245,
          755.4693442285138
        ]
      ]
    }
  },
  "wall_order": [
    3,
    4,
    5
  ],
  "manifest": {
    "pitch_deg": 35.26,
    "yaw_deg": -15.0,
    "hex_orientation": "flat_top",
    "px_per_hex_edge": 128.0,
    "hex_edge_world": 1.0,
    "thickness_world": 0.55,
    "elevation_step_world": 0.5
  },
  "fit": {
    "mode": "bbox_uniform",
    "source_bbox": [
      129,
      201,
      896,
      831
    ],
    "template_bbox": [
      64.0,
      158.69643666333596,
      960.0,
      865.3035633366641
    ],
    "scale": 0.8431863839285714
  }
}
