{
  "template": "concept_beveled_design",
  "elevation": 2,
  "canvas": [
    1024,
    1024
  ],
  "scale_px_per_unit": 382.89854773058033,
  "origin_px": [
    512.0,
    261.878167172959
  ],
  "bevel_inset_world": 0.085,
  "bevel_drop_world": 0.05,
  "inner_edge_world": 0.9018504542377637,
  "faces": {
    "top": {
      "polygon_px": [
        [
          839.9534955802103,
          202.46675000803413
        ],
        [
          595.1165440464835,
          61.125386423128816
        ],
        [
          260.66304846627327,
          112.85991610073694
        ],
        [
          171.0465044197898,
          305.9358093632503
        ],
        [
          415.88345595351643,
          447.2771729481557
        ],
        [
          750.3369515337268,
          395.5426432705476
        ]
      ]
    },
    "bevel_0": {
      "quad_px": [
        [
          839.9534955802103,
          202.46675000803413
        ],
        [
          595.1165440464835,
          61.125386423128816
        ],
        [
          604.869627886063,
          55.787608459084026
        ],
        [
          876.3525,
          212.51133457215212
        ]
      ]
    },
    "bevel_1": {
      "quad_px": [
        [
          595.1165440464835,
          61.125386423128816
        ],
        [
          260.66304846627327,
          112.85991610073694
        ],
        [
          234.017127886063,
          113.1524735922215
        ],
        [
          604.869627886063,
          55.787608459084026
        ]
      ]
    },
    "bevel_2": {
      "quad_px": [
        [
          260.66304846627327,
          112.85991610073694
        ],
        [
          171.0465044197898,
          305.9358093632503
        ],
        [
          134.64750000000004,
          327.24106483842706
        ],
        [
          234.017127886063,
          113.1524735922215
        ]
      ]
    },
    "bevel_3": {
      "quad_px": [
        [
          171.0465044197898,
          305.9358093632503
        ],
        [
          415.88345595351643,
          447.2771729481557
        ],
        [
          406.1303721139369,
          483.9647909514952
        ],
        [
          134.64750000000004,
          327.24106483842706
        ]
      ]
    },
    "bevel_4": {
      "quad_px": [
        [
          415.88345595351643,
          447.2771729481557
        ],
        [
          750.3369515337268,
          395.5426432705476
        ],
        [
          776.9828721139371,
          426.5999258183577
        ],
        [
          406.1303721139369,
          483.9647909514952
        ]
      ]
    },
    "bevel_5": {
      "quad_px": [
        [
          750.3369515337268,
          395.5426432705476
        ],
        [
          839.9534955802103,
          202.46675000803413
        ],
        [
          876.3525,
          212.51133457215212
        ],
        [
          776.9828721139371,
          426.5999258183577
        ]
      ]
    },
    "wall_3": {
      "quad_px": [
        [
          134.64750000000004,
          327.24106483842706
        ],
        [
          406.1303721139369,
          483.9647909514952
        ],
        [
          406.1303721139369,
          954.212391540916
        ],
        [
          134.64750000000004,
          797.4886654278479
        ]
      ]
    },
    "wall_4": {
      "quad_px": [
        [
          406.1303721139369,
          483.9647909514952
        ],
        [
          776.9828721139371,
          426.5999258183577
        ],
        [
          776.9828721139371,
          896.8475264077786
        ],
        [
          406.1303721139369,
          954.212391540916
        ]
      ]
    },
    "wall_5": {
      "quad_px": [
        [
          776.9828721139371,
          426.5999258183577
        ],
        [
          876.3525,
          212.51133457215212
        ],
        [
          876.3525,
          682.7589351615729
        ],
        [
          776.9828721139371,
          896.8475264077786
        ]
      ]
    }
  },
  "wall_order": [
    3,
    4,
    5
  ],
  "manifest": {
    "pitch_deg": 35.26,
    "yaw_deg": -15.0,
    "hex_orientation": "flat_top",
    "px_per_hex_edge": 128.0,
    "hex_edge_world": 1.0,
    "thickness_world": 0.55,
    "elevation_step_world": 0.5
  },
  "fit": {
    "mode": "bbox_uniform",
    "source_bbox": [
      129,
      19,
      882,
      991
    ],
    "template_bbox": [
      142.14840389845494,
      64.00000000000003,
      881.851596101545,
      960.0
    ],
    "scale": 1.002706231118116
  }
}
