{
  "template": "concept_beveled_design",
  "elevation": 1,
  "canvas": [
    1024,
    1024
  ],
  "scale_px_per_unit": 463.8037288237172,
  "origin_px": [
    512.0,
    303.70692969085496
  ],
  "bevel_inset_world": 0.085,
  "bevel_drop_world": 0.05,
  "inner_edge_world": 0.9018504542377637,
  "faces": {
    "top": {
      "polygon_px": [
        [
          838.6793980469529,
          288.7112869570259
        ],
        [
          598.0693792754286,
          149.8100797155518
        ],
        [
          269.3899812284757,
          200.65145018225832
        ],
        [
          181.32060195304706,
          390.39402789043885
        ],
        [
          421.93062072457127,
          529.2952351319129
        ],
        [
          750.6100187715244,
          478.45386466520637
        ]
      ]
    },
    "bevel_0": {
      "quad_px": [
        [
          838.6793980469529,
          288.7112869570259
        ],
        [
          598.0693792754286,
          149.8100797155518
        ],
        [
          607.6540831815228,
          144.56445462472425
        ],
        [
          874.45,
          298.58245903862917
        ]
      ]
    },
    "bevel_1": {
      "quad_px": [
        [
          598.0693792754286,
          149.8100797155518
        ],
        [
          269.3899812284757,
          200.65145018225832
        ],
        [
          243.20408318152278,
          200.9389568803972
        ],
        [
          607.6540831815228,
          144.56445462472425
        ]
      ]
    },
    "bevel_2": {
      "quad_px": [
        [
          269.3899812284757,
          200.65145018225832
        ],
        [
          181.32060195304706,
          390.39402789043885
        ],
        [
          145.55,
          411.3314635499751
        ],
        [
          243.20408318152278,
          200.9389568803972
        ]
      ]
    },
    "bevel_3": {
      "quad_px": [
        [
          181.32060195304706,
          390.39402789043885
        ],
        [
          421.93062072457127,
          529.2952351319129
        ],
        [
          412.3459168184771,
          565.34946796388
        ],
        [
          145.55,
          411.3314635499751
        ]
      ]
    },
    "bevel_4": {
      "quad_px": [
        [
          421.93062072457127,
          529.2952351319129
        ],
        [
          750.6100187715244,
          478.45386466520637
        ],
        [
          776.7959168184774,
          508.9749657082071
        ],
        [
          412.3459168184771,
          565.34946796388
        ]
      ]
    },
    "bevel_5": {
      "quad_px": [
        [
          750.6100187715244,
          478.45386466520637
        ],
        [
          838.6793980469529,
          288.7112869570259
        ],
        [
          874.45,
          298.58245903862917
        ],
        [
          776.7959168184774,
          508.9749657082071
        ]
      ]
    },
    "wall_3": {
      "quad_px": [
        [
          145.55,
          411.3314635499751
        ],
        [
          412.3459168184771,
          565.34946796388
        ],
        [
          412.3459168184771,
          873.4355453752758
        ],
        [
          145.55,
          719.4175409613708
        ]
      ]
    },
    "wall_4": {
      "quad_px": [
        [
          412.3459168184771,
          565.34946796388
        ],
        [
          776.7959168184774,
          508.9749657082071
        ],
        [
          776.7959168184774,
          817.0610431196028
        ],
        [
          412.3459168184771,
          873.4355453752758
        ]
      ]
    },
    "wall_5": {
      "quad_px": [
        [
          776.7959168184774,
          508.9749657082071
        ],
        [
          874.45,
          298.58245903862917
        ],
        [
          874.45,
          606.6685364500248
        ],
        [
          776.7959168184774,
          817.0610431196028
        ]
      ]
    }
  },
  "wall_order": [
    3,
    4,
    5
  ],
  "manifest": {
    "pitch_deg": 35.26,
    "yaw_deg": -15.0,
    "hex_orientation": "flat_top",
    "px_per_hex_edge": 128.0,
    "hex_edge_world": 1.0,
    "thickness_world": 0.55,
    "elevation_step_world": 0.5
  },
  "fit": {
    "mode": "bbox_uniform",
    "source_bbox": [
      140,
      131,
      880,
      887
    ],
    "template_bbox": [
      64.0,
      64.01776834099726,
      960.0,
      959.9822316590028
    ],
    "scale": 0.8135044642857142
  }
}
