{
  "template": "concept_beveled_design",
  "elevation": 2,
  "canvas": [
    1024,
    1024
  ],
  "scale_px_per_unit": 382.89854773058033,
  "origin_px": [
    512.0,
    261.878167172959
  ],
  "bevel_inset_world": 0.085,
  "bevel_drop_world": 0.05,
  "inner_edge_world": 0.9018504542377637,
  "faces": {
    "top": {
      "polygon_px": [
        [
          837.7352366982409,
          212.59153818849558
        ],
        [
          597.4503666007321,
          73.8780352811317
        ],
        [
          269.2151299024913,
          124.65070119315345
        ],
        [
          181.2647633017591,
          314.13687001253913
        ],
        [
          421.5496333992678,
          452.8503729199031
        ],
        [
          749.7848700975088,
          402.0777070078814
        ]
      ]
    },
    "bevel_0": {
      "quad_px": [
        [
          837.7352366982409,
          212.59153818849558
        ],
        [
          597.4503666007321,
          73.8780352811317
        ],
        [
          607.0221182042504,
          68.63949887285929
        ],
        [
          873.4575,
          222.44937084836704
        ]
      ]
    },
    "bevel_1": {
      "quad_px": [
        [
          597.4503666007321,
          73.8780352811317
        ],
        [
          269.2151299024913,
          124.65070119315345
        ],
        [
          243.0646182042504,
          124.93781936872728
        ],
        [
          607.0221182042504,
          68.63949887285929
        ]
      ]
    },
    "bevel_2": {
      "quad_px": [
        [
          269.2151299024913,
          124.65070119315345
        ],
        [
          181.2647633017591,
          314.13687001253913
        ],
        [
          145.54250000000002,
          335.04601184010306
        ],
        [
          243.0646182042504,
          124.93781936872728
        ]
      ]
    },
    "bevel_3": {
      "quad_px": [
        [
          181.2647633017591,
          314.13687001253913
        ],
        [
          421.5496333992678,
          452.8503729199031
        ],
        [
          411.97788179574945,
          488.8558838156108
        ],
        [
          145.54250000000002,
          335.04601184010306
        ]
      ]
    },
    "bevel_4": {
      "quad_px": [
        [
          421.5496333992678,
          452.8503729199031
        ],
        [
          749.7848700975088,
          402.0777070078814
        ],
        [
          775.9353817957497,
          432.5575633197428
        ],
        [
          411.97788179574945,
          488.8558838156108
        ]
      ]
    },
    "bevel_5": {
      "quad_px": [
        [
          749.7848700975088,
          402.0777070078814
        ],
        [
          837.7352366982409,
          212.59153818849558
        ],
        [
          873.4575,
          222.44937084836704
        ],
        [
          775.9353817957497,
          432.5575633197428
        ]
      ]
    },
    "wall_3": {
      "quad_px": [
        [
          145.54250000000002,
          335.04601184010306
        ],
        [
          411.97788179574945,
          488.8558838156108
        ],
        [
          411.97788179574945,
          950.3605011271407
        ],
        [
          145.54250000000002,
          796.550629151633
        ]
      ]
    },
    "wall_4": {
      "quad_px": [
        [
          411.97788179574945,
          488.8558838156108
        ],
        [
          775.9353817957497,
          432.5575633197428
        ],
        [
          775.9353817957497,
          894.0621806312727
        ],
        [
          411.97788179574945,
          950.3605011271407
        ]
      ]
    },
    "wall_5": {
      "quad_px": [
        [
          775.9353817957497,
          432.5575633197428
        ],
        [
          873.4575,
          222.44937084836704
        ],
        [
          873.4575,
          683.9539881598969
        ],
        [
          775.9353817957497,
          894.0621806312727
        ]
      ]
    }
  },
  "wall_order": [
    3,
    4,
    5
  ],
  "manifest": {
    "pitch_deg": 35.26,
    "yaw_deg": -15.0,
    "hex_orientation": "flat_top",
    "px_per_hex_edge": 128.0,
    "hex_edge_world": 1.0,
    "thickness_world": 0.55,
    "elevation_step_world": 0.5
  },
  "fit": {
    "mode": "bbox_uniform",
    "source_bbox": [
      140,
      46,
      879,
      973
    ],
    "template_bbox": [
      142.14840389845494,
      64.00000000000003,
      881.851596101545,
      960.0
    ],
    "scale": 0.9840636185873677
  }
}
