{
  "template": "concept_beveled_design",
  "elevation": 0,
  "canvas": [
    1024,
    1024
  ],
  "scale_px_per_unit": 463.8037288237172,
  "origin_px": [
    512.0,
    398.38559801319366
  ],
  "bevel_inset_world": 0.085,
  "bevel_drop_world": 0.05,
  "inner_edge_world": 0.9018504542377637,
  "faces": {
    "top": {
      "polygon_px": [
        [
          861.9991427851337,
          363.4397991515964
        ],
        [
          605.7819876608618,
          215.52878387283755
        ],
        [
          255.78284487572813,
          269.66797296441155
        ],
        [
          162.0008572148663,
          471.7181773347443
        ],
        [
          418.21801233913806,
          619.6291926135032
        ],
        [
          768.217155124272,
          565.4900035219292
        ]
      ]
    },
    "bevel_0": {
      "quad_px": [
        [
          861.9991427851337,
          363.4397991515964
        ],
        [
          605.7819876608618,
          215.52878387283755
        ],
        [
          615.9884020905945,
          209.94290201936172
        ],
        [
          900.0899999999999,
          373.9512634763307
        ]
      ]
    },
    "bevel_1": {
      "quad_px": [
        [
          605.7819876608618,
          215.52878387283755
        ],
        [
          255.78284487572813,
          269.66797296441155
        ],
        [
          227.89840209059452,
          269.97412874567294
        ],
        [
          615.9884020905945,
          209.94290201936172
        ]
      ]
    },
    "bevel_2": {
      "quad_px": [
        [
          255.78284487572813,
          269.66797296441155
        ],
        [
          162.0008572148663,
          471.7181773347443
        ],
        [
          123.91000000000003,
          494.0137169289532
        ],
        [
          227.89840209059452,
          269.97412874567294
        ]
      ]
    },
    "bevel_3": {
      "quad_px": [
        [
          162.0008572148663,
          471.7181773347443
        ],
        [
          418.21801233913806,
          619.6291926135032
        ],
        [
          408.0115979094054,
          658.0220783859222
        ],
        [
          123.91000000000003,
          494.0137169289532
        ]
      ]
    },
    "bevel_4": {
      "quad_px": [
        [
          418.21801233913806,
          619.6291926135032
        ],
        [
          768.217155124272,
          565.4900035219292
        ],
        [
          796.1015979094057,
          597.990851659611
        ],
        [
          408.0115979094054,
          658.0220783859222
        ]
      ]
    },
    "bevel_5": {
      "quad_px": [
        [
          768.217155124272,
          565.4900035219292
        ],
        [
          861.9991427851337,
          363.4397991515964
        ],
        [
          900.0899999999999,
          373.9512634763307
        ],
        [
          796.1015979094057,
          597.990851659611
        ]
      ]
    },
    "wall_3": {
      "quad_px": [
        [
          123.91000000000003,
          494.0137169289532
        ],
        [
          408.0115979094054,
          658.0220783859222
        ],
        [
          408.0115979094054,
          822.0570979806382
        ],
        [
          123.91000000000003,
          658.0487365236693
        ]
      ]
    },
    "wall_4": {
      "quad_px": [
        [
          408.0115979094054,
          658.0220783859222
        ],
        [
          796.1015979094057,
          597.990851659611
        ],
        [
          796.1015979094057,
          762.0258712543271
        ],
        [
          408.0115979094054,
          822.0570979806382
        ]
      ]
    },
    "wall_5": {
      "quad_px": [
        [
          796.1015979094057,
          597.990851659611
        ],
        [
          900.0899999999999,
          373.9512634763307
        ],
        [
          900.0899999999999,
          537.9862830710468
        ],
        [
          796.1015979094057,
          762.0258712543271
        ]
      ]
    }
  },
  "wall_order": [
    3,
    4,
    5
  ],
  "manifest": {
    "pitch_deg": 35.26,
    "yaw_deg": -15.0,
    "hex_orientation": "flat_top",
    "px_per_hex_edge": 128.0,
    "hex_edge_world": 1.0,
    "thickness_world": 0.55,
    "elevation_step_world": 0.5
  },
  "fit": {
    "mode": "bbox_uniform",
    "source_bbox": [
      118,
      181,
      906,
      851
    ],
    "template_bbox": [
      64.0,
      158.69643666333596,
      960.0,
      865.3035633366641
    ],
    "scale": 0.8662723214285714
  }
}
