{
  "template": "concept_beveled_design",
  "elevation": 1,
  "canvas": [
    1024,
    1024
  ],
  "scale_px_per_unit": 463.8037288237172,
  "origin_px": [
    512.0,
    303.70692969085496
  ],
  "bevel_inset_world": 0.085,
  "bevel_drop_world": 0.05,
  "inner_edge_world": 0.9018504542377637,
  "faces": {
    "top": {
      "polygon_px": [
        [
          916.0290034985181,
          241.21019771367148
        ],
        [
          620.2592452061792,
          70.46595064499164
        ],
        [
          216.2302417076611,
          132.96268262217507
        ],
        [
          107.97099650148186,
          366.2036616680384
        ],
        [
          403.7407547938206,
          536.9479087367183
        ],
        [
          807.769758292339,
          474.4511767595348
        ]
      ]
    },
    "bevel_0": {
      "quad_px": [
        [
          916.0290034985181,
          241.21019771367148
        ],
        [
          620.2592452061792,
          70.46595064499164
        ],
        [
          632.0412382091431,
          64.01776834099726
        ],
        [
          960.0,
          253.34433159365028
        ]
      ]
    },
    "bevel_1": {
      "quad_px": [
        [
          620.2592452061792,
          70.46595064499164
        ],
        [
          216.2302417076611,
          132.96268262217507
        ],
        [
          184.04123820914305,
          133.3161001026696
        ],
        [
          632.0412382091431,
          64.01776834099726
        ]
      ]
    },
    "bevel_2": {
      "quad_px": [
        [
          216.2302417076611,
          132.96268262217507
        ],
        [
          107.97099650148186,
          366.2036616680384
        ],
        [
          64.0,
          391.94099511699505
        ],
        [
          184.04123820914305,
          133.3161001026696
        ]
      ]
    },
    "bevel_3": {
      "quad_px": [
        [
          107.97099650148186,
          366.2036616680384
        ],
        [
          403.7407547938206,
          536.9479087367183
        ],
        [
          391.9587617908568,
          581.2675583696481
        ],
        [
          64.0,
          391.94099511699505
        ]
      ]
    },
    "bevel_4": {
      "quad_px": [
        [
          403.7407547938206,
          536.9479087367183
        ],
        [
          807.769758292339,
          474.4511767595348
        ],
        [
          839.9587617908571,
          511.96922660797577
        ],
        [
          391.9587617908568,
          581.2675583696481
        ]
      ]
    },
    "bevel_5": {
      "quad_px": [
        [
          807.769758292339,
          474.4511767595348
        ],
        [
          916.0290034985181,
          241.21019771367148
        ],
        [
          960.0,
          253.34433159365028
        ],
        [
          839.9587617908571,
          511.96922660797577
        ]
      ]
    },
    "wall_3": {
      "quad_px": [
        [
          64.0,
          391.94099511699505
        ],
        [
          391.9587617908568,
          581.2675583696481
        ],
        [
          391.9587617908568,
          959.9822316590028
        ],
        [
          64.0,
          770.6556684063496
        ]
      ]
    },
    "wall_4": {
      "quad_px": [
        [
          391.9587617908568,
          581.2675583696481
        ],
        [
          839.9587617908571,
          511.96922660797577
        ],
        [
          839.9587617908571,
          890.6838998973303
        ],
        [
          391.9587617908568,
          959.9822316590028
        ]
      ]
    },
    "wall_5": {
      "quad_px": [
        [
          839.9587617908571,
          511.96922660797577
        ],
        [
          960.0,
          253.34433159365028
        ],
        [
          960.0,
          632.0590048830048
        ],
        [
          839.9587617908571,
          890.6838998973303
        ]
      ]
    }
  },
  "wall_order": [
    3,
    4,
    5
  ],
  "manifest": {
    "pitch_deg": 35.26,
    "yaw_deg": -15.0,
    "hex_orientation": "flat_top",
    "px_per_hex_edge": 128.0,
    "hex_edge_world": 1.0,
    "thickness_world": 0.55,
    "elevation_step_world": 0.5
  }
}
