{
  "template": "concept_beveled_design",
  "elevation": 0,
  "canvas": [
    1024,
    1024
  ],
  "scale_px_per_unit": 463.8037288237172,
  "origin_px": [
    512.0,
    398.38559801319366
  ],
  "bevel_inset_world": 0.085,
  "bevel_drop_world": 0.05,
  "inner_edge_world": 0.9018504542377637,
  "faces": {
    "top": {
      "polygon_px": [
        [
          916.0290034985181,
          335.88886603601014
        ],
        [
          620.2592452061792,
          165.14461896733033
        ],
        [
          216.2302417076611,
          227.64135094451376
        ],
        [
          107.97099650148186,
          460.8823299903771
        ],
        [
          403.7407547938206,
          631.626577059057
        ],
        [
          807.769758292339,
          569.1298450818736
        ]
      ]
    },
    "bevel_0": {
      "quad_px": [
        [
          916.0290034985181,
          335.88886603601014
        ],
        [
          620.2592452061792,
          165.14461896733033
        ],
        [
          632.0412382091431,
          158.69643666333596
        ],
        [
          960.0,
          348.022999915989
        ]
      ]
    },
    "bevel_1": {
      "quad_px": [
        [
          620.2592452061792,
          165.14461896733033
        ],
        [
          216.2302417076611,
          227.64135094451376
        ],
        [
          184.04123820914305,
          227.9947684250083
        ],
        [
          632.0412382091431,
          158.69643666333596
        ]
      ]
    },
    "bevel_2": {
      "quad_px": [
        [
          216.2302417076611,
          227.64135094451376
        ],
        [
          107.97099650148186,
          460.8823299903771
        ],
        [
          64.0,
          486.61966343933375
        ],
        [
          184.04123820914305,
          227.9947684250083
        ]
      ]
    },
    "bevel_3": {
      "quad_px": [
        [
          107.97099650148186,
          460.8823299903771
        ],
        [
          403.7407547938206,
          631.626577059057
        ],
        [
          391.9587617908568,
          675.9462266919868
        ],
        [
          64.0,
          486.61966343933375
        ]
      ]
    },
    "bevel_4": {
      "quad_px": [
        [
          403.7407547938206,
          631.626577059057
        ],
        [
          807.769758292339,
          569.1298450818736
        ],
        [
          839.9587617908571,
          606.6478949303145
        ],
        [
          391.9587617908568,
          675.9462266919868
        ]
      ]
    },
    "bevel_5": {
      "quad_px": [
        [
          807.769758292339,
          569.1298450818736
        ],
        [
          916.0290034985181,
          335.88886603601014
        ],
        [
          960.0,
          348.022999915989
        ],
        [
          839.9587617908571,
          606.6478949303145
        ]
      ]
    },
    "wall_3": {
      "quad_px": [
        [
          64.0,
          486.61966343933375
        ],
        [
          391.9587617908568,
          675.9462266919868
        ],
        [
          391.9587617908568,
          865.3035633366641
        ],
        [
          64.0,
          675.977000084011
        ]
      ]
    },
    "wall_4": {
      "quad_px": [
        [
          391.9587617908568,
          675.9462266919868
        ],
        [
          839.9587617908571,
          606.6478949303145
        ],
        [
          839.9587617908571,
          796.0052315749917
        ],
        [
          391.9587617908568,
          865.3035633366641
        ]
      ]
    },
    "wall_5": {
      "quad_px": [
        [
          839.9587617908571,
          606.6478949303145
        ],
        [
          960.0,
          348.022999915989
        ],
        [
          960.0,
          537.3803365606663
        ],
        [
          839.9587617908571,
          796.0052315749917
        ]
      ]
    }
  },
  "wall_order": [
    3,
    4,
    5
  ],
  "manifest": {
    "pitch_deg": 35.26,
    "yaw_deg": -15.0,
    "hex_orientation": "flat_top",
    "px_per_hex_edge": 128.0,
    "hex_edge_world": 1.0,
    "thickness_world": 0.55,
    "elevation_step_world": 0.5
  }
}
