{
  "template": "concept_beveled_uv",
  "layout": "beveled_net_v1",
  "elevation": 2,
  "canvas": [
    1536,
    1024
  ],
  "px_per_unit": 256.0,
  "bevel_inset_world": 0.085,
  "bevel_drop_world": 0.05,
  "faces": {
    "top": {
      "polygon_px": [
        [
          998.8737162848674,
          320.00000000000006
        ],
        [
          883.4368581424337,
          120.05749663118377
        ],
        [
          652.5631418575663,
          120.05749663118374
        ],
        [
          537.1262837151326,
          320.00000000000006
        ],
        [
          652.5631418575662,
          519.9425033688163
        ],
        [
          883.4368581424337,
          519.9425033688163
        ]
      ],
      "center_px": [
        768.0,
        320.00000000000006
      ],
      "px_per_unit": 256.0
    },
    "bevel_0": {
      "quad_px": [
        [
          998.8737162848674,
          320.00000000000006
        ],
        [
          883.4368581424337,
          120.05749663118377
        ],
        [
          896.0,
          98.29749663118378
        ],
        [
          1024.0,
          320.00000000000006
        ]
      ]
    },
    "bevel_1": {
      "quad_px": [
        [
          883.4368581424337,
          120.05749663118377
        ],
        [
          652.5631418575663,
          120.05749663118374
        ],
        [
          640.0,
          98.29749663118375
        ],
        [
          896.0,
          98.29749663118378
        ]
      ]
    },
    "bevel_2": {
      "quad_px": [
        [
          652.5631418575663,
          120.05749663118374
        ],
        [
          537.1262837151326,
          320.00000000000006
        ],
        [
          512.0,
          320.0
        ],
        [
          640.0,
          98.29749663118375
        ]
      ]
    },
    "bevel_3": {
      "quad_px": [
        [
          537.1262837151326,
          320.00000000000006
        ],
        [
          652.5631418575662,
          519.9425033688163
        ],
        [
          639.9999999999999,
          541.7025033688163
        ],
        [
          512.0,
          320.0
        ]
      ]
    },
    "bevel_4": {
      "quad_px": [
        [
          652.5631418575662,
          519.9425033688163
        ],
        [
          883.4368581424337,
          519.9425033688163
        ],
        [
          896.0,
          541.7025033688163
        ],
        [
          639.9999999999999,
          541.7025033688163
        ]
      ]
    },
    "bevel_5": {
      "quad_px": [
        [
          883.4368581424337,
          519.9425033688163
        ],
        [
          998.8737162848674,
          320.00000000000006
        ],
        [
          1024.0,
          320.00000000000006
        ],
        [
          896.0,
          541.7025033688163
        ]
      ]
    },
    "wall_3": {
      "quad_px": [
        [
          512.0,
          320.0
        ],
        [
          639.9999999999999,
          541.7025033688163
        ],
        [
          307.44624494677544,
          733.7025033688165
        ],
        [
          179.44624494677555,
          512.0000000000001
        ]
      ]
    },
    "wall_4": {
      "quad_px": [
        [
          639.9999999999999,
          541.7025033688163
        ],
        [
          896.0,
          541.7025033688163
        ],
        [
          896.0,
          925.7025033688162
        ],
        [
          639.9999999999998,
          925.7025033688162
        ]
      ]
    },
    "wall_5": {
      "quad_px": [
        [
          896.0,
          541.7025033688163
        ],
        [
          1024.0,
          320.00000000000006
        ],
        [
          1356.5537550532244,
          512.0000000000002
        ],
        [
          1228.5537550532244,
          733.7025033688165
        ]
      ]
    }
  },
  "bevel_order": [
    0,
    1,
    2,
    3,
    4,
    5
  ],
  "wall_order": [
    3,
    4,
    5
  ],
  "manifest": {
    "pitch_deg": 35.26,
    "yaw_deg": -15.0,
    "hex_orientation": "flat_top",
    "px_per_hex_edge": 128.0,
    "hex_edge_world": 1.0,
    "thickness_world": 0.55,
    "elevation_step_world": 0.5
  }
}
