{
  "template": "concept_beveled_design",
  "elevation": 2,
  "canvas": [
    1024,
    1024
  ],
  "scale_px_per_unit": 382.89854773058033,
  "origin_px": [
    512.0,
    261.878167172959
  ],
  "bevel_inset_world": 0.085,
  "bevel_drop_world": 0.05,
  "inner_edge_world": 0.9018504542377637,
  "faces": {
    "top": {
      "polygon_px": [
        [
          845.5508299447404,
          210.28326522453986
        ],
        [
          601.3746755184239,
          69.32337168992427
        ],
        [
          267.8238455736837,
          120.91827363834338
        ],
        [
          178.44917005525969,
          313.47306912137816
        ],
        [
          422.62532448157594,
          454.4329626559938
        ],
        [
          756.1761544263164,
          402.83806070757464
        ]
      ]
    },
    "bevel_0": {
      "quad_px": [
        [
          845.5508299447404,
          210.28326522453986
        ],
        [
          601.3746755184239,
          69.32337168992427
        ],
        [
          611.1014364947708,
          64.00000000000003
        ],
        [
          881.851596101545,
          220.30074018619166
        ]
      ]
    },
    "bevel_1": {
      "quad_px": [
        [
          601.3746755184239,
          69.32337168992427
        ],
        [
          267.8238455736837,
          120.91827363834338
        ],
        [
          241.24984039322578,
          121.2100415384574
        ],
        [
          611.1014364947708,
          64.00000000000003
        ]
      ]
    },
    "bevel_2": {
      "quad_px": [
        [
          267.8238455736837,
          120.91827363834338
        ],
        [
          178.44917005525969,
          313.47306912137816
        ],
        [
          142.14840389845494,
          334.72082326310647
        ],
        [
          241.24984039322578,
          121.2100415384574
        ]
      ]
    },
    "bevel_3": {
      "quad_px": [
        [
          178.44917005525969,
          313.47306912137816
        ],
        [
          422.62532448157594,
          454.4329626559938
        ],
        [
          412.89856350522905,
          491.0215634492981
        ],
        [
          142.14840389845494,
          334.72082326310647
        ]
      ]
    },
    "bevel_4": {
      "quad_px": [
        [
          422.62532448157594,
          454.4329626559938
        ],
        [
          756.1761544263164,
          402.83806070757464
        ],
        [
          782.7501596067743,
          433.8115219108407
        ],
        [
          412.89856350522905,
          491.0215634492981
        ]
      ]
    },
    "bevel_5": {
      "quad_px": [
        [
          756.1761544263164,
          402.83806070757464
        ],
        [
          845.5508299447404,
          210.28326522453986
        ],
        [
          881.851596101545,
          220.30074018619166
        ],
        [
          782.7501596067743,
          433.8115219108407
        ]
      ]
    },
    "wall_3": {
      "quad_px": [
        [
          142.14840389845494,
          334.72082326310647
        ],
        [
          412.89856350522905,
          491.0215634492981
        ],
        [
          412.89856350522905,
          960.0
        ],
        [
          142.14840389845494,
          803.6992598138083
        ]
      ]
    },
    "wall_4": {
      "quad_px": [
        [
          412.89856350522905,
          491.0215634492981
        ],
        [
          782.7501596067743,
          433.8115219108407
        ],
        [
          782.7501596067743,
          902.7899584615426
        ],
        [
          412.89856350522905,
          960.0
        ]
      ]
    },
    "wall_5": {
      "quad_px": [
        [
          782.7501596067743,
          433.8115219108407
        ],
        [
          881.851596101545,
          220.30074018619166
        ],
        [
          881.851596101545,
          689.2791767368935
        ],
        [
          782.7501596067743,
          902.7899584615426
        ]
      ]
    }
  },
  "wall_order": [
    3,
    4,
    5
  ],
  "manifest": {
    "pitch_deg": 35.26,
    "yaw_deg": -15.0,
    "hex_orientation": "flat_top",
    "px_per_hex_edge": 128.0,
    "hex_edge_world": 1.0,
    "thickness_world": 0.55,
    "elevation_step_world": 0.5
  }
}
