{
  "template": "concept_beveled_uv",
  "layout": "beveled_net_v1",
  "elevation": 0,
  "canvas": [
    1536,
    1024
  ],
  "px_per_unit": 256.0,
  "bevel_inset_world": 0.085,
  "bevel_drop_world": 0.05,
  "faces": {
    "top": {
      "polygon_px": [
        [
          998.8737162848674,
          448.0
        ],
        [
          883.4368581424337,
          248.0574966311837
        ],
        [
          652.5631418575663,
          248.05749663118368
        ],
        [
          537.1262837151326,
          448.0
        ],
        [
          652.5631418575662,
          647.9425033688162
        ],
        [
          883.4368581424337,
          647.9425033688162
        ]
      ],
      "center_px": [
        768.0,
        448.0
      ],
      "px_per_unit": 256.0
    },
    "bevel_0": {
      "quad_px": [
        [
          998.8737162848674,
          448.0
        ],
        [
          883.4368581424337,
          248.0574966311837
        ],
        [
          896.0,
          226.29749663118372
        ],
        [
          1024.0,
          448.0
        ]
      ]
    },
    "bevel_1": {
      "quad_px": [
        [
          883.4368581424337,
          248.0574966311837
        ],
        [
          652.5631418575663,
          248.05749663118368
        ],
        [
          640.0,
          226.2974966311837
        ],
        [
          896.0,
          226.29749663118372
        ]
      ]
    },
    "bevel_2": {
      "quad_px": [
        [
          652.5631418575663,
          248.05749663118368
        ],
        [
          537.1262837151326,
          448.0
        ],
        [
          512.0,
          447.99999999999994
        ],
        [
          640.0,
          226.2974966311837
        ]
      ]
    },
    "bevel_3": {
      "quad_px": [
        [
          537.1262837151326,
          448.0
        ],
        [
          652.5631418575662,
          647.9425033688162
        ],
        [
          639.9999999999999,
          669.7025033688162
        ],
        [
          512.0,
          447.99999999999994
        ]
      ]
    },
    "bevel_4": {
      "quad_px": [
        [
          652.5631418575662,
          647.9425033688162
        ],
        [
          883.4368581424337,
          647.9425033688162
        ],
        [
          896.0,
          669.7025033688162
        ],
        [
          639.9999999999999,
          669.7025033688162
        ]
      ]
    },
    "bevel_5": {
      "quad_px": [
        [
          883.4368581424337,
          647.9425033688162
        ],
        [
          998.8737162848674,
          448.0
        ],
        [
          1024.0,
          448.0
        ],
        [
          896.0,
          669.7025033688162
        ]
      ]
    },
    "wall_3": {
      "quad_px": [
        [
          512.0,
          447.99999999999994
        ],
        [
          639.9999999999999,
          669.7025033688162
        ],
        [
          529.1487483155918,
          733.7025033688162
        ],
        [
          401.1487483155919,
          512.0
        ]
      ]
    },
    "wall_4": {
      "quad_px": [
        [
          639.9999999999999,
          669.7025033688162
        ],
        [
          896.0,
          669.7025033688162
        ],
        [
          896.0,
          797.7025033688162
        ],
        [
          639.9999999999999,
          797.7025033688162
        ]
      ]
    },
    "wall_5": {
      "quad_px": [
        [
          896.0,
          669.7025033688162
        ],
        [
          1024.0,
          448.0
        ],
        [
          1134.851251684408,
          512.0
        ],
        [
          1006.8512516844081,
          733.7025033688163
        ]
      ]
    }
  },
  "bevel_order": [
    0,
    1,
    2,
    3,
    4,
    5
  ],
  "wall_order": [
    3,
    4,
    5
  ],
  "manifest": {
    "pitch_deg": 35.26,
    "yaw_deg": -15.0,
    "hex_orientation": "flat_top",
    "px_per_hex_edge": 128.0,
    "hex_edge_world": 1.0,
    "thickness_world": 0.55,
    "elevation_step_world": 0.5
  }
}
