{
  "template": "concept_beveled_uv",
  "layout": "beveled_net_v1",
  "elevation": 1,
  "canvas": [
    1536,
    1024
  ],
  "px_per_unit": 256.0,
  "bevel_inset_world": 0.085,
  "bevel_drop_world": 0.05,
  "faces": {
    "top": {
      "polygon_px": [
        [
          998.8737162848674,
          384.0
        ],
        [
          883.4368581424337,
          184.0574966311837
        ],
        [
          652.5631418575663,
          184.05749663118368
        ],
        [
          537.1262837151326,
          384.0
        ],
        [
          652.5631418575662,
          583.9425033688162
        ],
        [
          883.4368581424337,
          583.9425033688162
        ]
      ],
      "center_px": [
        768.0,
        384.0
      ],
      "px_per_unit": 256.0
    },
    "bevel_0": {
      "quad_px": [
        [
          998.8737162848674,
          384.0
        ],
        [
          883.4368581424337,
          184.0574966311837
        ],
        [
          896.0,
          162.29749663118372
        ],
        [
          1024.0,
          384.0
        ]
      ]
    },
    "bevel_1": {
      "quad_px": [
        [
          883.4368581424337,
          184.0574966311837
        ],
        [
          652.5631418575663,
          184.05749663118368
        ],
        [
          640.0,
          162.2974966311837
        ],
        [
          896.0,
          162.29749663118372
        ]
      ]
    },
    "bevel_2": {
      "quad_px": [
        [
          652.5631418575663,
          184.05749663118368
        ],
        [
          537.1262837151326,
          384.0
        ],
        [
          512.0,
          383.99999999999994
        ],
        [
          640.0,
          162.2974966311837
        ]
      ]
    },
    "bevel_3": {
      "quad_px": [
        [
          537.1262837151326,
          384.0
        ],
        [
          652.5631418575662,
          583.9425033688162
        ],
        [
          639.9999999999999,
          605.7025033688162
        ],
        [
          512.0,
          383.99999999999994
        ]
      ]
    },
    "bevel_4": {
      "quad_px": [
        [
          652.5631418575662,
          583.9425033688162
        ],
        [
          883.4368581424337,
          583.9425033688162
        ],
        [
          896.0,
          605.7025033688162
        ],
        [
          639.9999999999999,
          605.7025033688162
        ]
      ]
    },
    "bevel_5": {
      "quad_px": [
        [
          883.4368581424337,
          583.9425033688162
        ],
        [
          998.8737162848674,
          384.0
        ],
        [
          1024.0,
          384.0
        ],
        [
          896.0,
          605.7025033688162
        ]
      ]
    },
    "wall_3": {
      "quad_px": [
        [
          512.0,
          383.99999999999994
        ],
        [
          639.9999999999999,
          605.7025033688162
        ],
        [
          418.2974966311836,
          733.7025033688162
        ],
        [
          290.2974966311837,
          512.0
        ]
      ]
    },
    "wall_4": {
      "quad_px": [
        [
          639.9999999999999,
          605.7025033688162
        ],
        [
          896.0,
          605.7025033688162
        ],
        [
          896.0,
          861.7025033688162
        ],
        [
          639.9999999999998,
          861.7025033688162
        ]
      ]
    },
    "wall_5": {
      "quad_px": [
        [
          896.0,
          605.7025033688162
        ],
        [
          1024.0,
          384.0
        ],
        [
          1245.7025033688162,
          512.0000000000001
        ],
        [
          1117.7025033688162,
          733.7025033688165
        ]
      ]
    }
  },
  "bevel_order": [
    0,
    1,
    2,
    3,
    4,
    5
  ],
  "wall_order": [
    3,
    4,
    5
  ],
  "manifest": {
    "pitch_deg": 35.26,
    "yaw_deg": -15.0,
    "hex_orientation": "flat_top",
    "px_per_hex_edge": 128.0,
    "hex_edge_world": 1.0,
    "thickness_world": 0.55,
    "elevation_step_world": 0.5
  }
}
