{
  "template": "concept_beveled_design",
  "elevation": 1,
  "canvas": [
    1024,
    1024
  ],
  "scale_px_per_unit": 463.8037288237172,
  "origin_px": [
    512.0,
    298.972996274738
  ],
  "bevel_inset_world": 0.15,
  "bevel_drop_world": 0.075,
  "inner_edge_world": 0.8267949192431123,
  "faces": {
    "top": {
      "polygon_px": [
        [
          882.4041238209143,
          241.67748766216368
        ],
        [
          611.2494858509716,
          85.14324708711041
        ],
        [
          240.84536203005734,
          142.43875569968472
        ],
        [
          141.59587617908568,
          356.2685048873123
        ],
        [
          412.7505141490282,
          512.8027454623656
        ],
        [
          783.1546379699428,
          455.5072368497913
        ]
      ]
    },
    "bevel_0": {
      "quad_px": [
        [
          882.4041238209143,
          241.67748766216368
        ],
        [
          611.2494858509716,
          85.14324708711041
        ],
        [
          632.0412382091431,
          68.7517017571142
        ],
        [
          960.0,
          258.0782650097672
        ]
      ]
    },
    "bevel_1": {
      "quad_px": [
        [
          611.2494858509716,
          85.14324708711041
        ],
        [
          240.84536203005734,
          142.43875569968472
        ],
        [
          184.04123820914305,
          138.05003351878653
        ],
        [
          632.0412382091431,
          68.7517017571142
        ]
      ]
    },
    "bevel_2": {
      "quad_px": [
        [
          240.84536203005734,
          142.43875569968472
        ],
        [
          141.59587617908568,
          356.2685048873123
        ],
        [
          64.0,
          396.67492853311194
        ],
        [
          184.04123820914305,
          138.05003351878653
        ]
      ]
    },
    "bevel_3": {
      "quad_px": [
        [
          141.59587617908568,
          356.2685048873123
        ],
        [
          412.7505141490282,
          512.8027454623656
        ],
        [
          391.9587617908568,
          586.001491785765
        ],
        [
          64.0,
          396.67492853311194
        ]
      ]
    },
    "bevel_4": {
      "quad_px": [
        [
          412.7505141490282,
          512.8027454623656
        ],
        [
          783.1546379699428,
          455.5072368497913
        ],
        [
          839.9587617908571,
          516.7031600240927
        ],
        [
          391.9587617908568,
          586.001491785765
        ]
      ]
    },
    "bevel_5": {
      "quad_px": [
        [
          783.1546379699428,
          455.5072368497913
        ],
        [
          882.4041238209143,
          241.67748766216368
        ],
        [
          960.0,
          258.0782650097672
        ],
        [
          839.9587617908571,
          516.7031600240927
        ]
      ]
    },
    "wall_3": {
      "quad_px": [
        [
          64.0,
          396.67492853311194
        ],
        [
          391.9587617908568,
          586.001491785765
        ],
        [
          391.9587617908568,
          955.2482982428858
        ],
        [
          64.0,
          765.9217349902326
        ]
      ]
    },
    "wall_4": {
      "quad_px": [
        [
          391.9587617908568,
          586.001491785765
        ],
        [
          839.9587617908571,
          516.7031600240927
        ],
        [
          839.9587617908571,
          885.9499664812133
        ],
        [
          391.9587617908568,
          955.2482982428858
        ]
      ]
    },
    "wall_5": {
      "quad_px": [
        [
          839.9587617908571,
          516.7031600240927
        ],
        [
          960.0,
          258.0782650097672
        ],
        [
          960.0,
          627.325071466888
        ],
        [
          839.9587617908571,
          885.9499664812133
        ]
      ]
    }
  },
  "wall_order": [
    3,
    4,
    5
  ],
  "manifest": {
    "pitch_deg": 35.26,
    "yaw_deg": -15.0,
    "hex_orientation": "flat_top",
    "px_per_hex_edge": 128.0,
    "hex_edge_world": 1.0,
    "thickness_world": 0.55,
    "elevation_step_world": 0.5
  }
}
