{
  "template": "concept_beveled_design",
  "elevation": 0,
  "canvas": [
    1024,
    1024
  ],
  "scale_px_per_unit": 463.8037288237172,
  "origin_px": [
    512.0,
    393.65166459707666
  ],
  "bevel_inset_world": 0.15,
  "bevel_drop_world": 0.075,
  "inner_edge_world": 0.8267949192431123,
  "faces": {
    "top": {
      "polygon_px": [
        [
          882.4041238209143,
          336.3561559845023
        ],
        [
          611.2494858509716,
          179.82191540944905
        ],
        [
          240.84536203005734,
          237.11742402202336
        ],
        [
          141.59587617908568,
          450.94717320965094
        ],
        [
          412.7505141490282,
          607.4814137847043
        ],
        [
          783.1546379699428,
          550.1859051721299
        ]
      ]
    },
    "bevel_0": {
      "quad_px": [
        [
          882.4041238209143,
          336.3561559845023
        ],
        [
          611.2494858509716,
          179.82191540944905
        ],
        [
          632.0412382091431,
          163.43037007945284
        ],
        [
          960.0,
          352.75693333210586
        ]
      ]
    },
    "bevel_1": {
      "quad_px": [
        [
          611.2494858509716,
          179.82191540944905
        ],
        [
          240.84536203005734,
          237.11742402202336
        ],
        [
          184.04123820914305,
          232.72870184112517
        ],
        [
          632.0412382091431,
          163.43037007945284
        ]
      ]
    },
    "bevel_2": {
      "quad_px": [
        [
          240.84536203005734,
          237.11742402202336
        ],
        [
          141.59587617908568,
          450.94717320965094
        ],
        [
          64.0,
          491.35359685545063
        ],
        [
          184.04123820914305,
          232.72870184112517
        ]
      ]
    },
    "bevel_3": {
      "quad_px": [
        [
          141.59587617908568,
          450.94717320965094
        ],
        [
          412.7505141490282,
          607.4814137847043
        ],
        [
          391.9587617908568,
          680.6801601081037
        ],
        [
          64.0,
          491.35359685545063
        ]
      ]
    },
    "bevel_4": {
      "quad_px": [
        [
          412.7505141490282,
          607.4814137847043
        ],
        [
          783.1546379699428,
          550.1859051721299
        ],
        [
          839.9587617908571,
          611.3818283464313
        ],
        [
          391.9587617908568,
          680.6801601081037
        ]
      ]
    },
    "bevel_5": {
      "quad_px": [
        [
          783.1546379699428,
          550.1859051721299
        ],
        [
          882.4041238209143,
          336.3561559845023
        ],
        [
          960.0,
          352.75693333210586
        ],
        [
          839.9587617908571,
          611.3818283464313
        ]
      ]
    },
    "wall_3": {
      "quad_px": [
        [
          64.0,
          491.35359685545063
        ],
        [
          391.9587617908568,
          680.6801601081037
        ],
        [
          391.9587617908568,
          860.5696299205471
        ],
        [
          64.0,
          671.243066667894
        ]
      ]
    },
    "wall_4": {
      "quad_px": [
        [
          391.9587617908568,
          680.6801601081037
        ],
        [
          839.9587617908571,
          611.3818283464313
        ],
        [
          839.9587617908571,
          791.2712981588747
        ],
        [
          391.9587617908568,
          860.5696299205471
        ]
      ]
    },
    "wall_5": {
      "quad_px": [
        [
          839.9587617908571,
          611.3818283464313
        ],
        [
          960.0,
          352.75693333210586
        ],
        [
          960.0,
          532.6464031445493
        ],
        [
          839.9587617908571,
          791.2712981588747
        ]
      ]
    }
  },
  "wall_order": [
    3,
    4,
    5
  ],
  "manifest": {
    "pitch_deg": 35.26,
    "yaw_deg": -15.0,
    "hex_orientation": "flat_top",
    "px_per_hex_edge": 128.0,
    "hex_edge_world": 1.0,
    "thickness_world": 0.55,
    "elevation_step_world": 0.5
  }
}
