{
  "template": "concept_beveled_uv",
  "layout": "beveled_net_v1",
  "elevation": 2,
  "canvas": [
    1536,
    1024
  ],
  "px_per_unit": 256.0,
  "bevel_inset_world": 0.15,
  "bevel_drop_world": 0.075,
  "faces": {
    "top": {
      "polygon_px": [
        [
          979.6594993262368,
          323.2
        ],
        [
          873.8297496631184,
          139.89749663118369
        ],
        [
          662.1702503368816,
          139.89749663118366
        ],
        [
          556.3405006737632,
          323.2
        ],
        [
          662.1702503368815,
          506.5025033688163
        ],
        [
          873.8297496631184,
          506.5025033688163
        ]
      ],
      "center_px": [
        768.0,
        323.2
      ],
      "px_per_unit": 256.0
    },
    "bevel_0": {
      "quad_px": [
        [
          979.6594993262368,
          323.2
        ],
        [
          873.8297496631184,
          139.89749663118369
        ],
        [
          896.0,
          101.49749663118371
        ],
        [
          1024.0,
          323.2
        ]
      ]
    },
    "bevel_1": {
      "quad_px": [
        [
          873.8297496631184,
          139.89749663118369
        ],
        [
          662.1702503368816,
          139.89749663118366
        ],
        [
          640.0,
          101.49749663118368
        ],
        [
          896.0,
          101.49749663118371
        ]
      ]
    },
    "bevel_2": {
      "quad_px": [
        [
          662.1702503368816,
          139.89749663118366
        ],
        [
          556.3405006737632,
          323.2
        ],
        [
          512.0,
          323.19999999999993
        ],
        [
          640.0,
          101.49749663118368
        ]
      ]
    },
    "bevel_3": {
      "quad_px": [
        [
          556.3405006737632,
          323.2
        ],
        [
          662.1702503368815,
          506.5025033688163
        ],
        [
          639.9999999999999,
          544.9025033688163
        ],
        [
          512.0,
          323.19999999999993
        ]
      ]
    },
    "bevel_4": {
      "quad_px": [
        [
          662.1702503368815,
          506.5025033688163
        ],
        [
          873.8297496631184,
          506.5025033688163
        ],
        [
          896.0,
          544.9025033688163
        ],
        [
          639.9999999999999,
          544.9025033688163
        ]
      ]
    },
    "bevel_5": {
      "quad_px": [
        [
          873.8297496631184,
          506.5025033688163
        ],
        [
          979.6594993262368,
          323.2
        ],
        [
          1024.0,
          323.2
        ],
        [
          896.0,
          544.9025033688163
        ]
      ]
    },
    "wall_3": {
      "quad_px": [
        [
          512.0,
          323.19999999999993
        ],
        [
          639.9999999999999,
          544.9025033688163
        ],
        [
          312.98880753099587,
          733.7025033688162
        ],
        [
          184.98880753099593,
          512.0
        ]
      ]
    },
    "wall_4": {
      "quad_px": [
        [
          639.9999999999999,
          544.9025033688163
        ],
        [
          896.0,
          544.9025033688163
        ],
        [
          896.0,
          922.5025033688164
        ],
        [
          639.9999999999998,
          922.5025033688162
        ]
      ]
    },
    "wall_5": {
      "quad_px": [
        [
          896.0,
          544.9025033688163
        ],
        [
          1024.0,
          323.2
        ],
        [
          1351.011192469004,
          512.0000000000002
        ],
        [
          1223.011192469004,
          733.7025033688165
        ]
      ]
    }
  },
  "bevel_order": [
    0,
    1,
    2,
    3,
    4,
    5
  ],
  "wall_order": [
    3,
    4,
    5
  ],
  "manifest": {
    "pitch_deg": 35.26,
    "yaw_deg": -15.0,
    "hex_orientation": "flat_top",
    "px_per_hex_edge": 128.0,
    "hex_edge_world": 1.0,
    "thickness_world": 0.55,
    "elevation_step_world": 0.5
  }
}
