{
  "template": "concept_beveled_uv",
  "layout": "beveled_net_v1",
  "elevation": 0,
  "canvas": [
    1536,
    1024
  ],
  "px_per_unit": 256.0,
  "bevel_inset_world": 0.15,
  "bevel_drop_world": 0.075,
  "faces": {
    "top": {
      "polygon_px": [
        [
          979.6594993262368,
          451.2
        ],
        [
          873.8297496631184,
          267.8974966311837
        ],
        [
          662.1702503368816,
          267.8974966311837
        ],
        [
          556.3405006737632,
          451.2
        ],
        [
          662.1702503368815,
          634.5025033688163
        ],
        [
          873.8297496631184,
          634.5025033688163
        ]
      ],
      "center_px": [
        768.0,
        451.2
      ],
      "px_per_unit": 256.0
    },
    "bevel_0": {
      "quad_px": [
        [
          979.6594993262368,
          451.2
        ],
        [
          873.8297496631184,
          267.8974966311837
        ],
        [
          896.0,
          229.4974966311837
        ],
        [
          1024.0,
          451.2
        ]
      ]
    },
    "bevel_1": {
      "quad_px": [
        [
          873.8297496631184,
          267.8974966311837
        ],
        [
          662.1702503368816,
          267.8974966311837
        ],
        [
          640.0,
          229.49749663118368
        ],
        [
          896.0,
          229.4974966311837
        ]
      ]
    },
    "bevel_2": {
      "quad_px": [
        [
          662.1702503368816,
          267.8974966311837
        ],
        [
          556.3405006737632,
          451.2
        ],
        [
          512.0,
          451.19999999999993
        ],
        [
          640.0,
          229.49749663118368
        ]
      ]
    },
    "bevel_3": {
      "quad_px": [
        [
          556.3405006737632,
          451.2
        ],
        [
          662.1702503368815,
          634.5025033688163
        ],
        [
          639.9999999999999,
          672.9025033688163
        ],
        [
          512.0,
          451.19999999999993
        ]
      ]
    },
    "bevel_4": {
      "quad_px": [
        [
          662.1702503368815,
          634.5025033688163
        ],
        [
          873.8297496631184,
          634.5025033688163
        ],
        [
          896.0,
          672.9025033688163
        ],
        [
          639.9999999999999,
          672.9025033688163
        ]
      ]
    },
    "bevel_5": {
      "quad_px": [
        [
          873.8297496631184,
          634.5025033688163
        ],
        [
          979.6594993262368,
          451.2
        ],
        [
          1024.0,
          451.2
        ],
        [
          896.0,
          672.9025033688163
        ]
      ]
    },
    "wall_3": {
      "quad_px": [
        [
          512.0,
          451.19999999999993
        ],
        [
          639.9999999999999,
          672.9025033688163
        ],
        [
          534.6913108998122,
          733.7025033688162
        ],
        [
          406.69131089981227,
          512.0
        ]
      ]
    },
    "wall_4": {
      "quad_px": [
        [
          639.9999999999999,
          672.9025033688163
        ],
        [
          896.0,
          672.9025033688163
        ],
        [
          896.0,
          794.5025033688163
        ],
        [
          639.9999999999999,
          794.5025033688162
        ]
      ]
    },
    "wall_5": {
      "quad_px": [
        [
          896.0,
          672.9025033688163
        ],
        [
          1024.0,
          451.2
        ],
        [
          1129.3086891001876,
          512.0
        ],
        [
          1001.3086891001877,
          733.7025033688163
        ]
      ]
    }
  },
  "bevel_order": [
    0,
    1,
    2,
    3,
    4,
    5
  ],
  "wall_order": [
    3,
    4,
    5
  ],
  "manifest": {
    "pitch_deg": 35.26,
    "yaw_deg": -15.0,
    "hex_orientation": "flat_top",
    "px_per_hex_edge": 128.0,
    "hex_edge_world": 1.0,
    "thickness_world": 0.55,
    "elevation_step_world": 0.5
  }
}
