{
  "template": "concept_beveled_design",
  "elevation": 2,
  "canvas": [
    1024,
    1024
  ],
  "scale_px_per_unit": 386.26818030664987,
  "origin_px": [
    512.0,
    255.73446648800734
  ],
  "bevel_inset_world": 0.15,
  "bevel_drop_world": 0.075,
  "inner_edge_world": 0.8267949192431123,
  "faces": {
    "top": {
      "polygon_px": [
        [
          820.482485143546,
          208.01723077786755
        ],
        [
          594.6576327733591,
          77.65131842102565
        ],
        [
          286.175147629813,
          125.36855413116541
        ],
        [
          203.51751485645394,
          303.45170219814713
        ],
        [
          429.3423672266409,
          433.817614554989
        ],
        [
          737.824852370187,
          386.1003788448492
        ]
      ]
    },
    "bevel_0": {
      "quad_px": [
        [
          820.482485143546,
          208.01723077786755
        ],
        [
          594.6576327733591,
          77.65131842102565
        ],
        [
          611.9735615804555,
          63.99999999999997
        ],
        [
          885.1064112318757,
          221.6762378706742
        ]
      ]
    },
    "bevel_1": {
      "quad_px": [
        [
          594.6576327733591,
          77.65131842102565
        ],
        [
          286.175147629813,
          125.36855413116541
        ],
        [
          238.8671503485799,
          121.71350863382469
        ],
        [
          611.9735615804555,
          63.99999999999997
        ]
      ]
    },
    "bevel_2": {
      "quad_px": [
        [
          286.175147629813,
          125.36855413116541
        ],
        [
          203.51751485645394,
          303.45170219814713
        ],
        [
          138.8935887681244,
          337.1032551383237
        ],
        [
          238.8671503485799,
          121.71350863382469
        ]
      ]
    },
    "bevel_3": {
      "quad_px": [
        [
          203.51751485645394,
          303.45170219814713
        ],
        [
          429.3423672266409,
          433.817614554989
        ],
        [
          412.0264384195444,
          494.779493008998
        ],
        [
          138.8935887681244,
          337.1032551383237
        ]
      ]
    },
    "bevel_4": {
      "quad_px": [
        [
          429.3423672266409,
          433.817614554989
        ],
        [
          737.824852370187,
          386.1003788448492
        ],
        [
          785.1328496514202,
          437.06598437517323
        ],
        [
          412.0264384195444,
          494.779493008998
        ]
      ]
    },
    "bevel_5": {
      "quad_px": [
        [
          737.824852370187,
          386.1003788448492
        ],
        [
          820.482485143546,
          208.01723077786755
        ],
        [
          885.1064112318757,
          221.6762378706742
        ],
        [
          785.1328496514202,
          437.06598437517323
        ]
      ]
    },
    "wall_3": {
      "quad_px": [
        [
          138.8935887681244,
          337.1032551383237
        ],
        [
          412.0264384195444,
          494.779493008998
        ],
        [
          412.0264384195444,
          960.0
        ],
        [
          138.8935887681244,
          802.3237621293257
        ]
      ]
    },
    "wall_4": {
      "quad_px": [
        [
          412.0264384195444,
          494.779493008998
        ],
        [
          785.1328496514202,
          437.06598437517323
        ],
        [
          785.1328496514202,
          902.2864913661753
        ],
        [
          412.0264384195444,
          960.0
        ]
      ]
    },
    "wall_5": {
      "quad_px": [
        [
          785.1328496514202,
          437.06598437517323
        ],
        [
          885.1064112318757,
          221.6762378706742
        ],
        [
          885.1064112318757,
          686.8967448616762
        ],
        [
          785.1328496514202,
          902.2864913661753
        ]
      ]
    }
  },
  "wall_order": [
    3,
    4,
    5
  ],
  "manifest": {
    "pitch_deg": 35.26,
    "yaw_deg": -15.0,
    "hex_orientation": "flat_top",
    "px_per_hex_edge": 128.0,
    "hex_edge_world": 1.0,
    "thickness_world": 0.55,
    "elevation_step_world": 0.5
  }
}
