{
  "template": "concept_beveled_uv",
  "layout": "beveled_net_v1",
  "elevation": 1,
  "canvas": [
    1536,
    1024
  ],
  "px_per_unit": 256.0,
  "bevel_inset_world": 0.15,
  "bevel_drop_world": 0.075,
  "faces": {
    "top": {
      "polygon_px": [
        [
          979.6594993262368,
          387.2
        ],
        [
          873.8297496631184,
          203.89749663118369
        ],
        [
          662.1702503368816,
          203.89749663118366
        ],
        [
          556.3405006737632,
          387.2
        ],
        [
          662.1702503368815,
          570.5025033688163
        ],
        [
          873.8297496631184,
          570.5025033688163
        ]
      ],
      "center_px": [
        768.0,
        387.2
      ],
      "px_per_unit": 256.0
    },
    "bevel_0": {
      "quad_px": [
        [
          979.6594993262368,
          387.2
        ],
        [
          873.8297496631184,
          203.89749663118369
        ],
        [
          896.0,
          165.4974966311837
        ],
        [
          1024.0,
          387.2
        ]
      ]
    },
    "bevel_1": {
      "quad_px": [
        [
          873.8297496631184,
          203.89749663118369
        ],
        [
          662.1702503368816,
          203.89749663118366
        ],
        [
          640.0,
          165.49749663118368
        ],
        [
          896.0,
          165.4974966311837
        ]
      ]
    },
    "bevel_2": {
      "quad_px": [
        [
          662.1702503368816,
          203.89749663118366
        ],
        [
          556.3405006737632,
          387.2
        ],
        [
          512.0,
          387.19999999999993
        ],
        [
          640.0,
          165.49749663118368
        ]
      ]
    },
    "bevel_3": {
      "quad_px": [
        [
          556.3405006737632,
          387.2
        ],
        [
          662.1702503368815,
          570.5025033688163
        ],
        [
          639.9999999999999,
          608.9025033688163
        ],
        [
          512.0,
          387.19999999999993
        ]
      ]
    },
    "bevel_4": {
      "quad_px": [
        [
          662.1702503368815,
          570.5025033688163
        ],
        [
          873.8297496631184,
          570.5025033688163
        ],
        [
          896.0,
          608.9025033688163
        ],
        [
          639.9999999999999,
          608.9025033688163
        ]
      ]
    },
    "bevel_5": {
      "quad_px": [
        [
          873.8297496631184,
          570.5025033688163
        ],
        [
          979.6594993262368,
          387.2
        ],
        [
          1024.0,
          387.2
        ],
        [
          896.0,
          608.9025033688163
        ]
      ]
    },
    "wall_3": {
      "quad_px": [
        [
          512.0,
          387.19999999999993
        ],
        [
          639.9999999999999,
          608.9025033688163
        ],
        [
          423.840059215404,
          733.7025033688162
        ],
        [
          295.8400592154041,
          512.0
        ]
      ]
    },
    "wall_4": {
      "quad_px": [
        [
          639.9999999999999,
          608.9025033688163
        ],
        [
          896.0,
          608.9025033688163
        ],
        [
          896.0,
          858.5025033688163
        ],
        [
          639.9999999999998,
          858.5025033688162
        ]
      ]
    },
    "wall_5": {
      "quad_px": [
        [
          896.0,
          608.9025033688163
        ],
        [
          1024.0,
          387.2
        ],
        [
          1240.1599407845958,
          512.0000000000001
        ],
        [
          1112.1599407845958,
          733.7025033688165
        ]
      ]
    }
  },
  "bevel_order": [
    0,
    1,
    2,
    3,
    4,
    5
  ],
  "wall_order": [
    3,
    4,
    5
  ],
  "manifest": {
    "pitch_deg": 35.26,
    "yaw_deg": -15.0,
    "hex_orientation": "flat_top",
    "px_per_hex_edge": 128.0,
    "hex_edge_world": 1.0,
    "thickness_world": 0.55,
    "elevation_step_world": 0.5
  }
}
