{
  "template": "beveled_design",
  "elevation": 0,
  "canvas": [
    1024,
    1024
  ],
  "scale_px_per_unit": 463.8037288237172,
  "origin_px": [
    512.0,
    401.2259580628638
  ],
  "bevel_inset_world": 0.055,
  "bevel_drop_world": 0.035,
  "inner_edge_world": 0.9364914703891412,
  "faces": {
    "top": {
      "polygon_px": [
        [
          922.2937340041537,
          341.6568523693643
        ],
        [
          620.1077476670407,
          167.20859569249774
        ],
        [
          207.31401366288708,
          231.06108928213922
        ],
        [
          96.70626599584637,
          469.3618395486472
        ],
        [
          398.8922523329592,
          643.8100962255138
        ],
        [
          811.685986337113,
          579.9576026358723
        ]
      ]
    },
    "bevel_0": {
      "quad_px": [
        [
          922.2937340041537,
          341.6568523693643
        ],
        [
          620.1077476670407,
          167.20859569249774
        ],
        [
          627.6086546587336,
          164.08975529095136
        ],
        [
          950.2875,
          350.36828765641746
        ]
      ]
    },
    "bevel_1": {
      "quad_px": [
        [
          620.1077476670407,
          167.20859569249774
        ],
        [
          207.31401366288708,
          231.06108928213922
        ],
        [
          186.82115465873358,
          232.27243031639364
        ],
        [
          627.6086546587336,
          164.08975529095136
        ]
      ]
    },
    "bevel_2": {
      "quad_px": [
        [
          207.31401366288708,
          231.06108928213922
        ],
        [
          96.70626599584637,
          469.3618395486472
        ],
        [
          68.71249999999998,
          486.7336377073021
        ],
        [
          186.82115465873358,
          232.27243031639364
        ]
      ]
    },
    "bevel_3": {
      "quad_px": [
        [
          96.70626599584637,
          469.3618395486472
        ],
        [
          398.8922523329592,
          643.8100962255138
        ],
        [
          391.3913453412663,
          673.0121700727682
        ],
        [
          68.71249999999998,
          486.7336377073021
        ]
      ]
    },
    "bevel_4": {
      "quad_px": [
        [
          398.8922523329592,
          643.8100962255138
        ],
        [
          811.685986337113,
          579.9576026358723
        ],
        [
          832.1788453412667,
          604.8294950473257
        ],
        [
          391.3913453412663,
          673.0121700727682
        ]
      ]
    },
    "bevel_5": {
      "quad_px": [
        [
          811.685986337113,
          579.9576026358723
        ],
        [
          922.2937340041537,
          341.6568523693643
        ],
        [
          950.2875,
          350.36828765641746
        ],
        [
          832.1788453412667,
          604.8294950473257
        ]
      ]
    },
    "wall_3": {
      "quad_px": [
        [
          68.71249999999998,
          486.7336377073021
        ],
        [
          391.3913453412663,
          673.0121700727682
        ],
        [
          391.3913453412663,
          864.9102447090486
        ],
        [
          68.71249999999998,
          678.6317123435825
        ]
      ]
    },
    "wall_4": {
      "quad_px": [
        [
          391.3913453412663,
          673.0121700727682
        ],
        [
          832.1788453412667,
          604.8294950473257
        ],
        [
          832.1788453412667,
          796.7275696836064
        ],
        [
          391.3913453412663,
          864.9102447090486
        ]
      ]
    },
    "wall_5": {
      "quad_px": [
        [
          832.1788453412667,
          604.8294950473257
        ],
        [
          950.2875,
          350.36828765641746
        ],
        [
          950.2875,
          542.2663622926979
        ],
        [
          832.1788453412667,
          796.7275696836064
        ]
      ]
    }
  },
  "wall_order": [
    3,
    4,
    5
  ],
  "manifest": {
    "pitch_deg": 35.26,
    "yaw_deg": -15.0,
    "hex_orientation": "flat_top",
    "px_per_hex_edge": 128.0,
    "hex_edge_world": 1.0,
    "thickness_world": 0.55,
    "elevation_step_world": 0.5
  },
  "fit": {
    "mode": "bbox_uniform",
    "source_bbox": [
      62,
      137,
      957,
      892
    ],
    "template_bbox": [
      64.0,
      155.85607661366578,
      960.0,
      868.1439233863342
    ],
    "scale": 0.9839006696428572
  }
}