{
  "template": "beveled_design",
  "elevation": 0,
  "canvas": [
    1024,
    1024
  ],
  "scale_px_per_unit": 463.8037288237172,
  "origin_px": [
    512.0,
    401.2259580628638
  ],
  "bevel_inset_world": 0.055,
  "bevel_drop_world": 0.035,
  "inner_edge_world": 0.9364914703891412,
  "faces": {
    "top": {
      "polygon_px": [
        [
          912.8366253158206,
          326.8605440641452
        ],
        [
          615.3775706085619,
          155.141086933062
        ],
        [
          209.04094529274136,
          217.99477056711135
        ],
        [
          100.16337468417953,
          452.56791133224374
        ],
        [
          397.622429391438,
          624.287368463327
        ],
        [
          803.9590547072587,
          561.4336848292777
        ]
      ]
    },
    "bevel_0": {
      "quad_px": [
        [
          912.8366253158206,
          326.8605440641452
        ],
        [
          615.3775706085619,
          155.141086933062
        ],
        [
          622.7611449769211,
          152.07103286181916
        ],
        [
          940.3925,
          335.43571108972486
        ]
      ]
    },
    "bevel_1": {
      "quad_px": [
        [
          615.3775706085619,
          155.141086933062
        ],
        [
          209.04094529274136,
          217.99477056711135
        ],
        [
          188.86864497692096,
          219.18716324999195
        ],
        [
          622.7611449769211,
          152.07103286181916
        ]
      ]
    },
    "bevel_2": {
      "quad_px": [
        [
          209.04094529274136,
          217.99477056711135
        ],
        [
          100.16337468417953,
          452.56791133224374
        ],
        [
          72.60749999999996,
          469.66797186607056
        ],
        [
          188.86864497692096,
          219.18716324999195
        ]
      ]
    },
    "bevel_3": {
      "quad_px": [
        [
          100.16337468417953,
          452.56791133224374
        ],
        [
          397.622429391438,
          624.287368463327
        ],
        [
          390.2388550230788,
          653.0326500939763
        ],
        [
          72.60749999999996,
          469.66797186607056
        ]
      ]
    },
    "bevel_4": {
      "quad_px": [
        [
          397.622429391438,
          624.287368463327
        ],
        [
          803.9590547072587,
          561.4336848292777
        ],
        [
          824.1313550230792,
          585.9165197058034
        ],
        [
          390.2388550230788,
          653.0326500939763
        ]
      ]
    },
    "bevel_5": {
      "quad_px": [
        [
          803.9590547072587,
          561.4336848292777
        ],
        [
          912.8366253158206,
          326.8605440641452
        ],
        [
          940.3925,
          335.43571108972486
        ],
        [
          824.1313550230792,
          585.9165197058034
        ]
      ]
    },
    "wall_3": {
      "quad_px": [
        [
          72.60749999999996,
          469.66797186607056
        ],
        [
          390.2388550230788,
          653.0326500939763
        ],
        [
          390.2388550230788,
          841.9289671381808
        ],
        [
          72.60749999999996,
          658.5642889102751
        ]
      ]
    },
    "wall_4": {
      "quad_px": [
        [
          390.2388550230788,
          653.0326500939763
        ],
        [
          824.1313550230792,
          585.9165197058034
        ],
        [
          824.1313550230792,
          774.812836750008
        ],
        [
          390.2388550230788,
          841.9289671381808
        ]
      ]
    },
    "wall_5": {
      "quad_px": [
        [
          824.1313550230792,
          585.9165197058034
        ],
        [
          940.3925,
          335.43571108972486
        ],
        [
          940.3925,
          524.3320281339294
        ],
        [
          824.1313550230792,
          774.812836750008
        ]
      ]
    }
  },
  "wall_order": [
    3,
    4,
    5
  ],
  "manifest": {
    "pitch_deg": 35.26,
    "yaw_deg": -15.0,
    "hex_orientation": "flat_top",
    "px_per_hex_edge": 128.0,
    "hex_edge_world": 1.0,
    "thickness_world": 0.55,
    "elevation_step_world": 0.5
  },
  "fit": {
    "mode": "bbox_uniform",
    "source_bbox": [
      66,
      117,
      947,
      877
    ],
    "template_bbox": [
      64.0,
      155.85607661366578,
      960.0,
      868.1439233863342
    ],
    "scale": 0.9685100446428572
  }
}