{
  "template": "beveled_design",
  "elevation": 0,
  "canvas": [
    1024,
    1024
  ],
  "scale_px_per_unit": 463.8037288237172,
  "origin_px": [
    512.0,
    401.2259580628638
  ],
  "bevel_inset_world": 0.055,
  "bevel_drop_world": 0.035,
  "inner_edge_world": 0.9364914703891412,
  "faces": {
    "top": {
      "polygon_px": [
        [
          920.565179659987,
          344.00869821675474
        ],
        [
          620.7426591378013,
          170.9248413127799
        ],
        [
          211.17747947781425,
          234.2779299246253
        ],
        [
          101.43482034001295,
          470.7148754404455
        ],
        [
          401.2573408621986,
          643.7987323444204
        ],
        [
          810.8225205221859,
          580.445643732575
        ]
      ]
    },
    "bevel_0": {
      "quad_px": [
        [
          920.565179659987,
          344.00869821675474
        ],
        [
          620.7426591378013,
          170.9248413127799
        ],
        [
          628.1848998178273,
          167.83039407638523
        ],
        [
          948.34,
          352.65199937307113
        ]
      ]
    },
    "bevel_1": {
      "quad_px": [
        [
          620.7426591378013,
          170.9248413127799
        ],
        [
          211.17747947781425,
          234.2779299246253
        ],
        [
          190.84489981782724,
          235.4797967831928
        ],
        [
          628.1848998178273,
          167.83039407638523
        ]
      ]
    },
    "bevel_2": {
      "quad_px": [
        [
          211.17747947781425,
          234.2779299246253
        ],
        [
          101.43482034001295,
          470.7148754404455
        ],
        [
          73.65999999999997,
          487.9508047866863
        ],
        [
          190.84489981782724,
          235.4797967831928
        ]
      ]
    },
    "bevel_3": {
      "quad_px": [
        [
          101.43482034001295,
          470.7148754404455
        ],
        [
          401.2573408621986,
          643.7987323444204
        ],
        [
          393.81510018217256,
          672.7724100833723
        ],
        [
          73.65999999999997,
          487.9508047866863
        ]
      ]
    },
    "bevel_4": {
      "quad_px": [
        [
          401.2573408621986,
          643.7987323444204
        ],
        [
          810.8225205221859,
          580.445643732575
        ],
        [
          831.1551001821729,
          605.1230073765646
        ],
        [
          393.81510018217256,
          672.7724100833723
        ]
      ]
    },
    "bevel_5": {
      "quad_px": [
        [
          810.8225205221859,
          580.445643732575
        ],
        [
          920.565179659987,
          344.00869821675474
        ],
        [
          948.34,
          352.65199937307113
        ],
        [
          831.1551001821729,
          605.1230073765646
        ]
      ]
    },
    "wall_3": {
      "quad_px": [
        [
          73.65999999999997,
          487.9508047866863
        ],
        [
          393.81510018217256,
          672.7724100833723
        ],
        [
          393.81510018217256,
          863.1696059236148
        ],
        [
          73.65999999999997,
          678.3480006269289
        ]
      ]
    },
    "wall_4": {
      "quad_px": [
        [
          393.81510018217256,
          672.7724100833723
        ],
        [
          831.1551001821729,
          605.1230073765646
        ],
        [
          831.1551001821729,
          795.5202032168072
        ],
        [
          393.81510018217256,
          863.1696059236148
        ]
      ]
    },
    "wall_5": {
      "quad_px": [
        [
          831.1551001821729,
          605.1230073765646
        ],
        [
          948.34,
          352.65199937307113
        ],
        [
          948.34,
          543.0491952133136
        ],
        [
          831.1551001821729,
          795.5202032168072
        ]
      ]
    }
  },
  "wall_order": [
    3,
    4,
    5
  ],
  "manifest": {
    "pitch_deg": 35.26,
    "yaw_deg": -15.0,
    "hex_orientation": "flat_top",
    "px_per_hex_edge": 128.0,
    "hex_edge_world": 1.0,
    "thickness_world": 0.55,
    "elevation_step_world": 0.5
  },
  "fit": {
    "mode": "bbox_uniform",
    "source_bbox": [
      67,
      135,
      955,
      896
    ],
    "template_bbox": [
      64.0,
      155.85607661366578,
      960.0,
      868.1439233863342
    ],
    "scale": 0.9762053571428572
  }
}