{
  "template": "beveled_design",
  "elevation": 0,
  "canvas": [
    1024,
    1024
  ],
  "scale_px_per_unit": 463.8037288237172,
  "origin_px": [
    512.0,
    401.2259580628638
  ],
  "bevel_inset_world": 0.055,
  "bevel_drop_world": 0.035,
  "inner_edge_world": 0.9364914703891412,
  "faces": {
    "top": {
      "polygon_px": [
        [
          909.9529591683206,
          341.4399065701697
        ],
        [
          613.506818381745,
          170.3051921988972
        ],
        [
          208.55385921342446,
          232.94484512817678
        ],
        [
          100.04704083167945,
          466.7192124287287
        ],
        [
          396.49318161825494,
          637.8539268000012
        ],
        [
          801.4461407865756,
          575.2142738707216
        ]
      ]
    },
    "bevel_0": {
      "quad_px": [
        [
          909.9529591683206,
          341.4399065701697
        ],
        [
          613.506818381745,
          170.3051921988972
        ],
        [
          620.8652500451041,
          167.24559234129083
        ],
        [
          937.415,
          349.985873254005
        ]
      ]
    },
    "bevel_1": {
      "quad_px": [
        [
          613.506818381745,
          170.3051921988972
        ],
        [
          208.55385921342446,
          232.94484512817678
        ],
        [
          188.45025004510399,
          234.13317745004872
        ],
        [
          620.8652500451041,
          167.24559234129083
        ]
      ]
    },
    "bevel_2": {
      "quad_px": [
        [
          208.55385921342446,
          232.94484512817678
        ],
        [
          100.04704083167945,
          466.7192124287287
        ],
        [
          72.58499999999998,
          483.76104347152096
        ],
        [
          188.45025004510399,
          234.13317745004872
        ]
      ]
    },
    "bevel_3": {
      "quad_px": [
        [
          100.04704083167945,
          466.7192124287287
        ],
        [
          396.49318161825494,
          637.8539268000012
        ],
        [
          389.1347499548958,
          666.5013243842352
        ],
        [
          72.58499999999998,
          483.76104347152096
        ]
      ]
    },
    "bevel_4": {
      "quad_px": [
        [
          396.49318161825494,
          637.8539268000012
        ],
        [
          801.4461407865756,
          575.2142738707216
        ],
        [
          821.5497499548962,
          599.6137392754772
        ],
        [
          389.1347499548958,
          666.5013243842352
        ]
      ]
    },
    "bevel_5": {
      "quad_px": [
        [
          801.4461407865756,
          575.2142738707216
        ],
        [
          909.9529591683206,
          341.4399065701697
        ],
        [
          937.415,
          349.985873254005
        ],
        [
          821.5497499548962,
          599.6137392754772
        ]
      ]
    },
    "wall_3": {
      "quad_px": [
        [
          72.58499999999998,
          483.76104347152096
        ],
        [
          389.1347499548958,
          666.5013243842352
        ],
        [
          389.1347499548958,
          854.7544076587092
        ],
        [
          72.58499999999998,
          672.014126745995
        ]
      ]
    },
    "wall_4": {
      "quad_px": [
        [
          389.1347499548958,
          666.5013243842352
        ],
        [
          821.5497499548962,
          599.6137392754772
        ],
        [
          821.5497499548962,
          787.8668225499513
        ],
        [
          389.1347499548958,
          854.7544076587092
        ]
      ]
    },
    "wall_5": {
      "quad_px": [
        [
          821.5497499548962,
          599.6137392754772
        ],
        [
          937.415,
          349.985873254005
        ],
        [
          937.415,
          538.2389565284791
        ],
        [
          821.5497499548962,
          787.8668225499513
        ]
      ]
    }
  },
  "wall_order": [
    3,
    4,
    5
  ],
  "manifest": {
    "pitch_deg": 35.26,
    "yaw_deg": -15.0,
    "hex_orientation": "flat_top",
    "px_per_hex_edge": 128.0,
    "hex_edge_world": 1.0,
    "thickness_world": 0.55,
    "elevation_step_world": 0.5
  },
  "fit": {
    "mode": "bbox_uniform",
    "source_bbox": [
      66,
      156,
      944,
      866
    ],
    "template_bbox": [
      64.0,
      155.85607661366578,
      960.0,
      868.1439233863342
    ],
    "scale": 0.9652120535714286
  }
}