{
  "template": "dual_atlas",
  "elevation": 0,
  "canvas": [
    1536,
    1024
  ],
  "divider_x": 768.0,
  "design_scale": 246.96828796137314,
  "atlas_px_per_unit": 224.0,
  "atlas_bbox": [
    128.0,
    88.29749663118369,
    896.0,
    870.8
  ],
  "faces": {
    "design_top": {
      "polygon_px": [
        [
          622.5530476162859,
          419.6433000083229
        ],
        [
          447.920096460767,
          318.82984318100614
        ],
        [
          209.3670488444811,
          355.7301294231298
        ],
        [
          145.44695238371412,
          493.4438724925703
        ],
        [
          320.07990353923293,
          594.257329319887
        ],
        [
          558.6329511555189,
          557.3570430777634
        ]
      ]
    },
    "design_wall_3": {
      "quad_px": [
        [
          145.44695238371412,
          493.4438724925703
        ],
        [
          320.07990353923293,
          594.257329319887
        ],
        [
          320.07990353923293,
          705.1701568189939
        ],
        [
          145.44695238371412,
          604.356699991677
        ]
      ]
    },
    "design_wall_4": {
      "quad_px": [
        [
          320.07990353923293,
          594.257329319887
        ],
        [
          558.6329511555189,
          557.3570430777634
        ],
        [
          558.6329511555189,
          668.2698705768702
        ],
        [
          320.07990353923293,
          705.1701568189939
        ]
      ]
    },
    "design_wall_5": {
      "quad_px": [
        [
          558.6329511555189,
          557.3570430777634
        ],
        [
          622.5530476162859,
          419.64330000832297
        ],
        [
          622.5530476162859,
          530.5561275074297
        ],
        [
          558.6329511555189,
          668.2698705768702
        ]
      ]
    },
    "atlas_top": {
      "polygon_px": [
        [
          1376.0,
          363.64484522385715
        ],
        [
          1264.0,
          169.65515477614287
        ],
        [
          1040.0,
          169.65515477614287
        ],
        [
          928.0,
          363.6448452238571
        ],
        [
          1040.0,
          557.6345356715714
        ],
        [
          1264.0,
          557.6345356715714
        ]
      ]
    },
    "atlas_wall_strip": {
      "quad_px": [
        [
          816.0,
          731.1448452238571
        ],
        [
          1488.0,
          731.1448452238571
        ],
        [
          1488.0,
          854.3448452238571
        ],
        [
          816.0,
          854.3448452238571
        ]
      ]
    }
  },
  "wall_order": [
    3,
    4,
    5
  ],
  "wall_segments": {
    "wall_3": {
      "range_px": [
        816.0,
        1040.0
      ],
      "quad_px": [
        [
          816.0,
          731.1448452238571
        ],
        [
          1040.0,
          731.1448452238571
        ],
        [
          1040.0,
          854.3448452238571
        ],
        [
          816.0,
          854.3448452238571
        ]
      ]
    },
    "wall_4": {
      "range_px": [
        1040.0,
        1264.0
      ],
      "quad_px": [
        [
          1040.0,
          731.1448452238571
        ],
        [
          1264.0,
          731.1448452238571
        ],
        [
          1264.0,
          854.3448452238571
        ],
        [
          1040.0,
          854.3448452238571
        ]
      ]
    },
    "wall_5": {
      "range_px": [
        1264.0,
        1488.0
      ],
      "quad_px": [
        [
          1264.0,
          731.1448452238571
        ],
        [
          1488.0,
          731.1448452238571
        ],
        [
          1488.0,
          854.3448452238571
        ],
        [
          1264.0,
          854.3448452238571
        ]
      ]
    }
  },
  "manifest": {
    "pitch_deg": 35.26,
    "yaw_deg": -15.0,
    "hex_orientation": "flat_top",
    "px_per_hex_edge": 128.0,
    "hex_edge_world": 1.0,
    "thickness_world": 0.55,
    "elevation_step_world": 0.5
  }
}