{
  "template": "dual",
  "elevation": 0,
  "canvas": [
    1536,
    1024
  ],
  "divider_x": 768.0,
  "design_scale": 246.96828796137314,
  "uv_px_per_unit": 227.59386306306965,
  "uv_net_bbox": [
    390.063623147151,
    219.8974966311837,
    1145.936376852849,
    804.1025033688163
  ],
  "faces": {
    "design_top": {
      "polygon_px": [
        [
          622.5530476162859,
          419.6433000083229
        ],
        [
          447.920096460767,
          318.82984318100614
        ],
        [
          209.3670488444811,
          355.7301294231298
        ],
        [
          145.44695238371412,
          493.4438724925703
        ],
        [
          320.07990353923293,
          594.257329319887
        ],
        [
          558.6329511555189,
          557.3570430777634
        ]
      ]
    },
    "design_wall_3": {
      "quad_px": [
        [
          145.44695238371412,
          493.4438724925703
        ],
        [
          320.07990353923293,
          594.257329319887
        ],
        [
          320.07990353923293,
          705.1701568189939
        ],
        [
          145.44695238371412,
          604.356699991677
        ]
      ]
    },
    "design_wall_4": {
      "quad_px": [
        [
          320.07990353923293,
          594.257329319887
        ],
        [
          558.6329511555189,
          557.3570430777634
        ],
        [
          558.6329511555189,
          668.2698705768702
        ],
        [
          320.07990353923293,
          705.1701568189939
        ]
      ]
    },
    "design_wall_5": {
      "quad_px": [
        [
          558.6329511555189,
          557.3570430777634
        ],
        [
          622.5530476162859,
          419.64330000832297
        ],
        [
          622.5530476162859,
          530.5561275074297
        ],
        [
          558.6329511555189,
          668.2698705768702
        ]
      ]
    },
    "uv_top": {
      "polygon_px": [
        [
          1379.5938630630696,
          449.4116876576559
        ],
        [
          1265.796931531535,
          252.30962049960075
        ],
        [
          1038.203068468465,
          252.30962049960073
        ],
        [
          924.4061369369304,
          449.4116876576558
        ],
        [
          1038.203068468465,
          646.513754815711
        ],
        [
          1265.796931531535,
          646.5137548157111
        ]
      ]
    },
    "uv_wall_3": {
      "quad_px": [
        [
          924.4061369369304,
          449.4116876576558
        ],
        [
          1038.203068468465,
          646.513754815711
        ],
        [
          929.7969315315347,
          709.1020671580551
        ],
        [
          816.0,
          512.0
        ]
      ]
    },
    "uv_wall_4": {
      "quad_px": [
        [
          1038.203068468465,
          646.513754815711
        ],
        [
          1265.796931531535,
          646.5137548157111
        ],
        [
          1265.796931531535,
          771.6903795003993
        ],
        [
          1038.203068468465,
          771.6903795003993
        ]
      ]
    },
    "uv_wall_5": {
      "quad_px": [
        [
          1265.796931531535,
          646.5137548157111
        ],
        [
          1379.5938630630696,
          449.41168765765593
        ],
        [
          1488.0,
          512.0000000000001
        ],
        [
          1374.203068468465,
          709.1020671580552
        ]
      ]
    }
  },
  "wall_order": [
    3,
    4,
    5
  ],
  "manifest": {
    "pitch_deg": 35.26,
    "yaw_deg": -15.0,
    "hex_orientation": "flat_top",
    "px_per_hex_edge": 128.0,
    "hex_edge_world": 1.0,
    "thickness_world": 0.55,
    "elevation_step_world": 0.5
  }
}