{
  "template": "design",
  "elevation": 0,
  "canvas": [
    1024,
    1024
  ],
  "scale_px_per_unit": 376.33262927447333,
  "origin_px": [
    512.0,
    427.4949885721091
  ],
  "faces": {
    "top": {
      "polygon_px": [
        [
          875.5094058914833,
          371.2659809650635
        ],
        [
          609.4020517497402,
          217.64547532343798
        ],
        [
          245.8926458582569,
          273.8744829304835
        ],
        [
          148.49059410851675,
          483.7239961791547
        ],
        [
          414.59794825025966,
          637.3445018207802
        ],
        [
          778.1073541417431,
          581.1154942137346
        ]
      ]
    },
    "wall_3": {
      "quad_px": [
        [
          148.49059410851675,
          483.7239961791547
        ],
        [
          414.59794825025966,
          637.3445018207802
        ],
        [
          414.59794825025966,
          806.354524676562
        ],
        [
          148.49059410851675,
          652.7340190349364
        ]
      ]
    },
    "wall_4": {
      "quad_px": [
        [
          414.59794825025966,
          637.3445018207802
        ],
        [
          778.1073541417431,
          581.1154942137346
        ],
        [
          778.1073541417431,
          750.1255170695165
        ],
        [
          414.59794825025966,
          806.354524676562
        ]
      ]
    },
    "wall_5": {
      "quad_px": [
        [
          778.1073541417431,
          581.1154942137346
        ],
        [
          875.5094058914833,
          371.26598096506353
        ],
        [
          875.5094058914833,
          540.2760038208453
        ],
        [
          778.1073541417431,
          750.1255170695165
        ]
      ]
    }
  },
  "manifest": {
    "pitch_deg": 35.26,
    "yaw_deg": -15.0,
    "hex_orientation": "flat_top",
    "px_per_hex_edge": 128.0,
    "hex_edge_world": 1.0,
    "thickness_world": 0.55,
    "elevation_step_world": 0.5
  }
}