{
  "template": "design",
  "elevation": 1,
  "canvas": [
    1024,
    1024
  ],
  "scale_px_per_unit": 376.33262927447333,
  "origin_px": [
    512.0,
    350.67225091039006
  ],
  "faces": {
    "top": {
      "polygon_px": [
        [
          875.5094058914833,
          294.44324330334445
        ],
        [
          609.4020517497402,
          140.82273766171895
        ],
        [
          245.8926458582569,
          197.0517452687645
        ],
        [
          148.49059410851675,
          406.9012585174356
        ],
        [
          414.59794825025966,
          560.5217641590611
        ],
        [
          778.1073541417431,
          504.2927565520156
        ]
      ]
    },
    "wall_3": {
      "quad_px": [
        [
          148.49059410851675,
          406.9012585174356
        ],
        [
          414.59794825025966,
          560.5217641590611
        ],
        [
          414.59794825025966,
          883.177262338281
        ],
        [
          148.49059410851675,
          729.5567566966555
        ]
      ]
    },
    "wall_4": {
      "quad_px": [
        [
          414.59794825025966,
          560.5217641590611
        ],
        [
          778.1073541417431,
          504.2927565520156
        ],
        [
          778.1073541417431,
          826.9482547312355
        ],
        [
          414.59794825025966,
          883.177262338281
        ]
      ]
    },
    "wall_5": {
      "quad_px": [
        [
          778.1073541417431,
          504.2927565520156
        ],
        [
          875.5094058914833,
          294.4432433033445
        ],
        [
          875.5094058914833,
          617.0987414825643
        ],
        [
          778.1073541417431,
          826.9482547312355
        ]
      ]
    }
  },
  "manifest": {
    "pitch_deg": 35.26,
    "yaw_deg": -15.0,
    "hex_orientation": "flat_top",
    "px_per_hex_edge": 128.0,
    "hex_edge_world": 1.0,
    "thickness_world": 0.55,
    "elevation_step_world": 0.5
  }
}