{
  "template": "grid",
  "canvas": [
    1536,
    1536
  ],
  "px_per_unit": 256.0,
  "cells": {
    "0_0": {
      "center_px": [
        768.0,
        768.0
      ],
      "polygon_px": [
        [
          1024.0,
          768.0
        ],
        [
          896.0,
          546.2974966311838
        ],
        [
          640.0,
          546.2974966311837
        ],
        [
          512.0,
          768.0
        ],
        [
          639.9999999999999,
          989.7025033688162
        ],
        [
          896.0,
          989.7025033688162
        ]
      ]
    },
    "1_0": {
      "center_px": [
        1152.0,
        989.7025033688162
      ],
      "polygon_px": [
        [
          1408.0,
          989.7025033688162
        ],
        [
          1280.0,
          768.0
        ],
        [
          1024.0,
          767.9999999999999
        ],
        [
          896.0,
          989.7025033688162
        ],
        [
          1023.9999999999999,
          1211.4050067376324
        ],
        [
          1280.0,
          1211.4050067376324
        ]
      ]
    },
    "1_-1": {
      "center_px": [
        1152.0,
        546.2974966311838
      ],
      "polygon_px": [
        [
          1408.0,
          546.2974966311838
        ],
        [
          1280.0,
          324.5949932623675
        ],
        [
          1024.0,
          324.59499326236744
        ],
        [
          896.0,
          546.2974966311838
        ],
        [
          1023.9999999999999,
          768.0
        ],
        [
          1280.0,
          768.0
        ]
      ]
    },
    "0_-1": {
      "center_px": [
        768.0,
        324.59499326236744
      ],
      "polygon_px": [
        [
          1024.0,
          324.59499326236744
        ],
        [
          896.0,
          102.89248989355116
        ],
        [
          640.0,
          102.89248989355113
        ],
        [
          512.0,
          324.5949932623674
        ],
        [
          639.9999999999999,
          546.2974966311837
        ],
        [
          896.0,
          546.2974966311838
        ]
      ]
    },
    "-1_0": {
      "center_px": [
        384.0,
        546.2974966311838
      ],
      "polygon_px": [
        [
          640.0,
          546.2974966311838
        ],
        [
          512.0,
          324.5949932623675
        ],
        [
          256.00000000000006,
          324.59499326236744
        ],
        [
          128.0,
          546.2974966311838
        ],
        [
          255.9999999999999,
          768.0
        ],
        [
          512.0,
          768.0
        ]
      ]
    },
    "-1_1": {
      "center_px": [
        384.0,
        989.7025033688162
      ],
      "polygon_px": [
        [
          640.0,
          989.7025033688162
        ],
        [
          512.0,
          768.0
        ],
        [
          256.00000000000006,
          767.9999999999999
        ],
        [
          128.0,
          989.7025033688162
        ],
        [
          255.9999999999999,
          1211.4050067376324
        ],
        [
          512.0,
          1211.4050067376324
        ]
      ]
    },
    "0_1": {
      "center_px": [
        768.0,
        1211.4050067376324
      ],
      "polygon_px": [
        [
          1024.0,
          1211.4050067376324
        ],
        [
          896.0,
          989.7025033688162
        ],
        [
          640.0,
          989.7025033688161
        ],
        [
          512.0,
          1211.4050067376324
        ],
        [
          639.9999999999999,
          1433.1075101064487
        ],
        [
          896.0,
          1433.1075101064487
        ]
      ]
    }
  },
  "manifest": {
    "pitch_deg": 35.26,
    "yaw_deg": -15.0,
    "hex_orientation": "flat_top",
    "px_per_hex_edge": 128.0,
    "hex_edge_world": 1.0,
    "thickness_world": 0.55,
    "elevation_step_world": 0.5
  }
}