{
  "template": "dual",
  "elevation": 2,
  "canvas": [
    1536,
    1024
  ],
  "divider_x": 768.0,
  "design_scale": 246.96828796137314,
  "uv_px_per_unit": 143.44633551480675,
  "uv_net_bbox": [
    168.3611197783348,
    91.89749663118371,
    1367.6388802216652,
    932.1025033688163
  ],
  "faces": {
    "design_top": {
      "polygon_px": [
        [
          622.5530476162859,
          318.8134568273167
        ],
        [
          447.920096460767,
          217.99999999999997
        ],
        [
          209.3670488444811,
          254.90028624212363
        ],
        [
          145.44695238371412,
          392.6140293115641
        ],
        [
          320.07990353923293,
          493.4274861388808
        ],
        [
          558.6329511555189,
          456.52719989675717
        ]
      ]
    },
    "design_wall_3": {
      "quad_px": [
        [
          145.44695238371412,
          392.6140293115641
        ],
        [
          320.07990353923293,
          493.4274861388808
        ],
        [
          320.07990353923293,
          806.0
        ],
        [
          145.44695238371412,
          705.1865431726833
        ]
      ]
    },
    "design_wall_4": {
      "quad_px": [
        [
          320.07990353923293,
          493.4274861388808
        ],
        [
          558.6329511555189,
          456.52719989675717
        ],
        [
          558.6329511555189,
          769.0997137578763
        ],
        [
          320.07990353923293,
          806.0
        ]
      ]
    },
    "design_wall_5": {
      "quad_px": [
        [
          558.6329511555189,
          456.52719989675717
        ],
        [
          622.5530476162859,
          318.8134568273167
        ],
        [
          622.5530476162859,
          631.3859706884359
        ],
        [
          558.6329511555189,
          769.0997137578763
        ]
      ]
    },
    "uv_top": {
      "polygon_px": [
        [
          1295.4463355148068,
          400.82908997602476
        ],
        [
          1223.7231677574034,
          276.60091934041617
        ],
        [
          1080.2768322425966,
          276.60091934041617
        ],
        [
          1008.5536644851932,
          400.82908997602476
        ],
        [
          1080.2768322425966,
          525.0572606116333
        ],
        [
          1223.7231677574034,
          525.0572606116334
        ]
      ]
    },
    "uv_wall_3": {
      "quad_px": [
        [
          1008.5536644851932,
          400.82908997602476
        ],
        [
          1080.2768322425966,
          525.0572606116333
        ],
        [
          887.7231677574032,
          636.2281706356085
        ],
        [
          816.0,
          512.0
        ]
      ]
    },
    "uv_wall_4": {
      "quad_px": [
        [
          1080.2768322425966,
          525.0572606116333
        ],
        [
          1223.7231677574034,
          525.0572606116334
        ],
        [
          1223.7231677574034,
          747.3990806595838
        ],
        [
          1080.2768322425964,
          747.3990806595838
        ]
      ]
    },
    "uv_wall_5": {
      "quad_px": [
        [
          1223.7231677574034,
          525.0572606116334
        ],
        [
          1295.4463355148068,
          400.82908997602476
        ],
        [
          1488.0,
          512.0000000000001
        ],
        [
          1416.2768322425966,
          636.2281706356086
        ]
      ]
    }
  },
  "wall_order": [
    3,
    4,
    5
  ],
  "manifest": {
    "pitch_deg": 35.26,
    "yaw_deg": -15.0,
    "hex_orientation": "flat_top",
    "px_per_hex_edge": 128.0,
    "hex_edge_world": 1.0,
    "thickness_world": 0.55,
    "elevation_step_world": 0.5
  }
}