{
  "template": "dual_atlas",
  "elevation": 2,
  "canvas": [
    1536,
    1024
  ],
  "divider_x": 768.0,
  "design_scale": 246.96828796137314,
  "atlas_px_per_unit": 224.0,
  "atlas_bbox": [
    128.0,
    88.29749663118369,
    896.0,
    976.0
  ],
  "faces": {
    "design_top": {
      "polygon_px": [
        [
          622.5530476162859,
          318.8134568273167
        ],
        [
          447.920096460767,
          217.99999999999997
        ],
        [
          209.3670488444811,
          254.90028624212363
        ],
        [
          145.44695238371412,
          392.6140293115641
        ],
        [
          320.07990353923293,
          493.4274861388808
        ],
        [
          558.6329511555189,
          456.52719989675717
        ]
      ]
    },
    "design_wall_3": {
      "quad_px": [
        [
          145.44695238371412,
          392.6140293115641
        ],
        [
          320.07990353923293,
          493.4274861388808
        ],
        [
          320.07990353923293,
          806.0
        ],
        [
          145.44695238371412,
          705.1865431726833
        ]
      ]
    },
    "design_wall_4": {
      "quad_px": [
        [
          320.07990353923293,
          493.4274861388808
        ],
        [
          558.6329511555189,
          456.52719989675717
        ],
        [
          558.6329511555189,
          769.0997137578763
        ],
        [
          320.07990353923293,
          806.0
        ]
      ]
    },
    "design_wall_5": {
      "quad_px": [
        [
          558.6329511555189,
          456.52719989675717
        ],
        [
          622.5530476162859,
          318.8134568273167
        ],
        [
          622.5530476162859,
          631.3859706884359
        ],
        [
          558.6329511555189,
          769.0997137578763
        ]
      ]
    },
    "atlas_top": {
      "polygon_px": [
        [
          1376.0,
          317.6198452238571
        ],
        [
          1264.0,
          123.63015477614285
        ],
        [
          1040.0,
          123.63015477614283
        ],
        [
          928.0,
          317.61984522385706
        ],
        [
          1040.0,
          511.60953567157134
        ],
        [
          1264.0,
          511.60953567157134
        ]
      ]
    },
    "atlas_wall_strip": {
      "quad_px": [
        [
          816.0,
          553.1698452238571
        ],
        [
          1488.0,
          553.1698452238571
        ],
        [
          1488.0,
          900.369845223857
        ],
        [
          816.0,
          900.369845223857
        ]
      ]
    }
  },
  "wall_order": [
    3,
    4,
    5
  ],
  "wall_segments": {
    "wall_3": {
      "range_px": [
        816.0,
        1040.0
      ],
      "quad_px": [
        [
          816.0,
          553.1698452238571
        ],
        [
          1040.0,
          553.1698452238571
        ],
        [
          1040.0,
          900.369845223857
        ],
        [
          816.0,
          900.369845223857
        ]
      ]
    },
    "wall_4": {
      "range_px": [
        1040.0,
        1264.0
      ],
      "quad_px": [
        [
          1040.0,
          553.1698452238571
        ],
        [
          1264.0,
          553.1698452238571
        ],
        [
          1264.0,
          900.369845223857
        ],
        [
          1040.0,
          900.369845223857
        ]
      ]
    },
    "wall_5": {
      "range_px": [
        1264.0,
        1488.0
      ],
      "quad_px": [
        [
          1264.0,
          553.1698452238571
        ],
        [
          1488.0,
          553.1698452238571
        ],
        [
          1488.0,
          900.369845223857
        ],
        [
          1264.0,
          900.369845223857
        ]
      ]
    }
  },
  "manifest": {
    "pitch_deg": 35.26,
    "yaw_deg": -15.0,
    "hex_orientation": "flat_top",
    "px_per_hex_edge": 128.0,
    "hex_edge_world": 1.0,
    "thickness_world": 0.55,
    "elevation_step_world": 0.5
  }
}