{
  "template": "atlas",
  "layout": "top_hex_wall_strip_v1",
  "elevation": 2,
  "canvas": [
    1024,
    1024
  ],
  "px_per_unit": 256.0,
  "faces": {
    "top": {
      "polygon_px": [
        [
          768.0,
          310.0
        ],
        [
          640.0,
          88.29749663118372
        ],
        [
          384.00000000000006,
          88.29749663118369
        ],
        [
          256.0,
          309.99999999999994
        ],
        [
          383.9999999999999,
          531.7025033688162
        ],
        [
          640.0,
          531.7025033688162
        ]
      ],
      "center_px": [
        512.0,
        310.0
      ],
      "px_per_unit": 256.0
    },
    "wall_strip": {
      "quad_px": [
        [
          128.0,
          579.2
        ],
        [
          896.0,
          579.2
        ],
        [
          896.0,
          976.0
        ],
        [
          128.0,
          976.0
        ]
      ],
      "px_per_unit": 256.0
    }
  },
  "wall_order": [
    3,
    4,
    5
  ],
  "wall_segments": {
    "wall_3": {
      "range_px": [
        128.0,
        384.0
      ],
      "quad_px": [
        [
          128.0,
          579.2
        ],
        [
          384.0,
          579.2
        ],
        [
          384.0,
          976.0
        ],
        [
          128.0,
          976.0
        ]
      ]
    },
    "wall_4": {
      "range_px": [
        384.0,
        640.0
      ],
      "quad_px": [
        [
          384.0,
          579.2
        ],
        [
          640.0,
          579.2
        ],
        [
          640.0,
          976.0
        ],
        [
          384.0,
          976.0
        ]
      ]
    },
    "wall_5": {
      "range_px": [
        640.0,
        896.0
      ],
      "quad_px": [
        [
          640.0,
          579.2
        ],
        [
          896.0,
          579.2
        ],
        [
          896.0,
          976.0
        ],
        [
          640.0,
          976.0
        ]
      ]
    }
  },
  "manifest": {
    "pitch_deg": 35.26,
    "yaw_deg": -15.0,
    "hex_orientation": "flat_top",
    "px_per_hex_edge": 128.0,
    "hex_edge_world": 1.0,
    "thickness_world": 0.55,
    "elevation_step_world": 0.5
  }
}