{
  "template": "uv",
  "layout": "net_v2",
  "elevation": 0,
  "canvas": [
    1536,
    1024
  ],
  "px_per_unit": 256.0,
  "faces": {
    "top": {
      "polygon_px": [
        [
          1024.0,
          441.6
        ],
        [
          896.0,
          219.89749663118374
        ],
        [
          640.0,
          219.8974966311837
        ],
        [
          512.0,
          441.59999999999997
        ],
        [
          639.9999999999999,
          663.3025033688162
        ],
        [
          896.0,
          663.3025033688164
        ]
      ],
      "center_px": [
        768.0,
        441.6
      ],
      "px_per_unit": 256.0
    },
    "wall_3": {
      "quad_px": [
        [
          512.0,
          441.59999999999997
        ],
        [
          639.9999999999999,
          663.3025033688162
        ],
        [
          518.0636231471509,
          733.7025033688162
        ],
        [
          390.063623147151,
          512.0
        ]
      ]
    },
    "wall_4": {
      "quad_px": [
        [
          639.9999999999999,
          663.3025033688162
        ],
        [
          896.0,
          663.3025033688164
        ],
        [
          896.0,
          804.1025033688163
        ],
        [
          639.9999999999999,
          804.1025033688163
        ]
      ]
    },
    "wall_5": {
      "quad_px": [
        [
          896.0,
          663.3025033688164
        ],
        [
          1024.0,
          441.6000000000001
        ],
        [
          1145.936376852849,
          512.0000000000001
        ],
        [
          1017.936376852849,
          733.7025033688163
        ]
      ]
    }
  },
  "wall_order": [
    3,
    4,
    5
  ],
  "manifest": {
    "pitch_deg": 35.26,
    "yaw_deg": -15.0,
    "hex_orientation": "flat_top",
    "px_per_hex_edge": 128.0,
    "hex_edge_world": 1.0,
    "thickness_world": 0.55,
    "elevation_step_world": 0.5
  }
}