{
  "template": "uv",
  "layout": "net_v2",
  "elevation": 2,
  "canvas": [
    1536,
    1024
  ],
  "px_per_unit": 256.0,
  "faces": {
    "top": {
      "polygon_px": [
        [
          1024.0,
          313.6
        ],
        [
          896.0,
          91.89749663118374
        ],
        [
          640.0,
          91.89749663118371
        ],
        [
          512.0,
          313.59999999999997
        ],
        [
          639.9999999999999,
          535.3025033688162
        ],
        [
          896.0,
          535.3025033688164
        ]
      ],
      "center_px": [
        768.0,
        313.6
      ],
      "px_per_unit": 256.0
    },
    "wall_3": {
      "quad_px": [
        [
          512.0,
          313.59999999999997
        ],
        [
          639.9999999999999,
          535.3025033688162
        ],
        [
          296.3611197783346,
          733.7025033688163
        ],
        [
          168.3611197783348,
          512.0
        ]
      ]
    },
    "wall_4": {
      "quad_px": [
        [
          639.9999999999999,
          535.3025033688162
        ],
        [
          896.0,
          535.3025033688164
        ],
        [
          896.0,
          932.1025033688163
        ],
        [
          639.9999999999998,
          932.1025033688163
        ]
      ]
    },
    "wall_5": {
      "quad_px": [
        [
          896.0,
          535.3025033688164
        ],
        [
          1024.0,
          313.6000000000001
        ],
        [
          1367.6388802216652,
          512.0000000000002
        ],
        [
          1239.6388802216652,
          733.7025033688165
        ]
      ]
    }
  },
  "wall_order": [
    3,
    4,
    5
  ],
  "manifest": {
    "pitch_deg": 35.26,
    "yaw_deg": -15.0,
    "hex_orientation": "flat_top",
    "px_per_hex_edge": 128.0,
    "hex_edge_world": 1.0,
    "thickness_world": 0.55,
    "elevation_step_world": 0.5
  }
}