{
  "template": "uv",
  "layout": "net_v2",
  "elevation": 1,
  "canvas": [
    1536,
    1024
  ],
  "px_per_unit": 256.0,
  "faces": {
    "top": {
      "polygon_px": [
        [
          1024.0,
          377.6
        ],
        [
          896.0,
          155.89749663118374
        ],
        [
          640.0,
          155.8974966311837
        ],
        [
          512.0,
          377.59999999999997
        ],
        [
          639.9999999999999,
          599.3025033688162
        ],
        [
          896.0,
          599.3025033688164
        ]
      ],
      "center_px": [
        768.0,
        377.6
      ],
      "px_per_unit": 256.0
    },
    "wall_3": {
      "quad_px": [
        [
          512.0,
          377.59999999999997
        ],
        [
          639.9999999999999,
          599.3025033688162
        ],
        [
          407.2123714627428,
          733.7025033688163
        ],
        [
          279.2123714627429,
          512.0
        ]
      ]
    },
    "wall_4": {
      "quad_px": [
        [
          639.9999999999999,
          599.3025033688162
        ],
        [
          896.0,
          599.3025033688164
        ],
        [
          896.0,
          868.1025033688163
        ],
        [
          639.9999999999998,
          868.1025033688163
        ]
      ]
    },
    "wall_5": {
      "quad_px": [
        [
          896.0,
          599.3025033688164
        ],
        [
          1024.0,
          377.6000000000001
        ],
        [
          1256.787628537257,
          512.0000000000002
        ],
        [
          1128.7876285372572,
          733.7025033688165
        ]
      ]
    }
  },
  "wall_order": [
    3,
    4,
    5
  ],
  "manifest": {
    "pitch_deg": 35.26,
    "yaw_deg": -15.0,
    "hex_orientation": "flat_top",
    "px_per_hex_edge": 128.0,
    "hex_edge_world": 1.0,
    "thickness_world": 0.55,
    "elevation_step_world": 0.5
  }
}