{
  "template": "dual",
  "elevation": 1,
  "canvas": [
    1536,
    1024
  ],
  "divider_x": 768.0,
  "design_scale": 246.96828796137314,
  "uv_px_per_unit": 175.9782674070761,
  "uv_net_bbox": [
    279.2123714627429,
    155.8974966311837,
    1256.787628537257,
    868.1025033688163
  ],
  "faces": {
    "design_top": {
      "polygon_px": [
        [
          622.5530476162859,
          369.2283784178198
        ],
        [
          447.920096460767,
          268.41492159050307
        ],
        [
          209.3670488444811,
          305.3152078326267
        ],
        [
          145.44695238371412,
          443.02895090206715
        ],
        [
          320.07990353923293,
          543.8424077293839
        ],
        [
          558.6329511555189,
          506.94212148726024
        ]
      ]
    },
    "design_wall_3": {
      "quad_px": [
        [
          145.44695238371412,
          443.02895090206715
        ],
        [
          320.07990353923293,
          543.8424077293839
        ],
        [
          320.07990353923293,
          755.5850784094969
        ],
        [
          145.44695238371412,
          654.7716215821802
        ]
      ]
    },
    "design_wall_4": {
      "quad_px": [
        [
          320.07990353923293,
          543.8424077293839
        ],
        [
          558.6329511555189,
          506.94212148726024
        ],
        [
          558.6329511555189,
          718.6847921673733
        ],
        [
          320.07990353923293,
          755.5850784094969
        ]
      ]
    },
    "design_wall_5": {
      "quad_px": [
        [
          558.6329511555189,
          506.94212148726024
        ],
        [
          622.5530476162859,
          369.22837841781984
        ],
        [
          622.5530476162859,
          580.9710490979328
        ],
        [
          558.6329511555189,
          718.6847921673733
        ]
      ]
    },
    "uv_top": {
      "polygon_px": [
        [
          1327.9782674070761,
          419.611409611285
        ],
        [
          1239.989133703538,
          267.20975952278604
        ],
        [
          1064.0108662964622,
          267.20975952278604
        ],
        [
          976.021732592924,
          419.611409611285
        ],
        [
          1064.010866296462,
          572.013059699784
        ],
        [
          1239.989133703538,
          572.0130596997841
        ]
      ]
    },
    "uv_wall_3": {
      "quad_px": [
        [
          976.021732592924,
          419.611409611285
        ],
        [
          1064.010866296462,
          572.013059699784
        ],
        [
          903.9891337035381,
          664.401650088499
        ],
        [
          816.0,
          512.0
        ]
      ]
    },
    "uv_wall_4": {
      "quad_px": [
        [
          1064.010866296462,
          572.013059699784
        ],
        [
          1239.989133703538,
          572.0130596997841
        ],
        [
          1239.989133703538,
          756.790240477214
        ],
        [
          1064.010866296462,
          756.790240477214
        ]
      ]
    },
    "uv_wall_5": {
      "quad_px": [
        [
          1239.989133703538,
          572.0130596997841
        ],
        [
          1327.9782674070761,
          419.6114096112851
        ],
        [
          1488.0,
          512.0000000000001
        ],
        [
          1400.0108662964622,
          664.4016500884991
        ]
      ]
    }
  },
  "wall_order": [
    3,
    4,
    5
  ],
  "manifest": {
    "pitch_deg": 35.26,
    "yaw_deg": -15.0,
    "hex_orientation": "flat_top",
    "px_per_hex_edge": 128.0,
    "hex_edge_world": 1.0,
    "thickness_world": 0.55,
    "elevation_step_world": 0.5
  }
}