{
  "template": "dual_atlas",
  "elevation": 1,
  "canvas": [
    1536,
    1024
  ],
  "divider_x": 768.0,
  "design_scale": 246.96828796137314,
  "atlas_px_per_unit": 224.0,
  "atlas_bbox": [
    128.0,
    88.29749663118369,
    896.0,
    998.8
  ],
  "faces": {
    "design_top": {
      "polygon_px": [
        [
          622.5530476162859,
          369.2283784178198
        ],
        [
          447.920096460767,
          268.41492159050307
        ],
        [
          209.3670488444811,
          305.3152078326267
        ],
        [
          145.44695238371412,
          443.02895090206715
        ],
        [
          320.07990353923293,
          543.8424077293839
        ],
        [
          558.6329511555189,
          506.94212148726024
        ]
      ]
    },
    "design_wall_3": {
      "quad_px": [
        [
          145.44695238371412,
          443.02895090206715
        ],
        [
          320.07990353923293,
          543.8424077293839
        ],
        [
          320.07990353923293,
          755.5850784094969
        ],
        [
          145.44695238371412,
          654.7716215821802
        ]
      ]
    },
    "design_wall_4": {
      "quad_px": [
        [
          320.07990353923293,
          543.8424077293839
        ],
        [
          558.6329511555189,
          506.94212148726024
        ],
        [
          558.6329511555189,
          718.6847921673733
        ],
        [
          320.07990353923293,
          755.5850784094969
        ]
      ]
    },
    "design_wall_5": {
      "quad_px": [
        [
          558.6329511555189,
          506.94212148726024
        ],
        [
          622.5530476162859,
          369.22837841781984
        ],
        [
          622.5530476162859,
          580.9710490979328
        ],
        [
          558.6329511555189,
          718.6847921673733
        ]
      ]
    },
    "atlas_top": {
      "polygon_px": [
        [
          1376.0,
          307.64484522385715
        ],
        [
          1264.0,
          113.65515477614288
        ],
        [
          1040.0,
          113.65515477614287
        ],
        [
          928.0,
          307.6448452238571
        ],
        [
          1040.0,
          501.63453567157137
        ],
        [
          1264.0,
          501.63453567157137
        ]
      ]
    },
    "atlas_wall_strip": {
      "quad_px": [
        [
          816.0,
          675.1448452238571
        ],
        [
          1488.0,
          675.1448452238571
        ],
        [
          1488.0,
          910.3448452238571
        ],
        [
          816.0,
          910.3448452238571
        ]
      ]
    }
  },
  "wall_order": [
    3,
    4,
    5
  ],
  "wall_segments": {
    "wall_3": {
      "range_px": [
        816.0,
        1040.0
      ],
      "quad_px": [
        [
          816.0,
          675.1448452238571
        ],
        [
          1040.0,
          675.1448452238571
        ],
        [
          1040.0,
          910.3448452238571
        ],
        [
          816.0,
          910.3448452238571
        ]
      ]
    },
    "wall_4": {
      "range_px": [
        1040.0,
        1264.0
      ],
      "quad_px": [
        [
          1040.0,
          675.1448452238571
        ],
        [
          1264.0,
          675.1448452238571
        ],
        [
          1264.0,
          910.3448452238571
        ],
        [
          1040.0,
          910.3448452238571
        ]
      ]
    },
    "wall_5": {
      "range_px": [
        1264.0,
        1488.0
      ],
      "quad_px": [
        [
          1264.0,
          675.1448452238571
        ],
        [
          1488.0,
          675.1448452238571
        ],
        [
          1488.0,
          910.3448452238571
        ],
        [
          1264.0,
          910.3448452238571
        ]
      ]
    }
  },
  "manifest": {
    "pitch_deg": 35.26,
    "yaw_deg": -15.0,
    "hex_orientation": "flat_top",
    "px_per_hex_edge": 128.0,
    "hex_edge_world": 1.0,
    "thickness_world": 0.55,
    "elevation_step_world": 0.5
  }
}