{
  "template": "beveled_uv",
  "layout": "beveled_net_v1",
  "elevation": 0,
  "canvas": [
    1536,
    1024
  ],
  "px_per_unit": 256.0,
  "bevel_inset_world": 0.055,
  "bevel_drop_world": 0.035,
  "faces": {
    "top": {
      "polygon_px": [
        [
          1007.7418164196201,
          446.08000000000004
        ],
        [
          887.8709082098101,
          238.45749663118377
        ],
        [
          648.1290917901899,
          238.45749663118374
        ],
        [
          528.2581835803799,
          446.08
        ],
        [
          648.1290917901898,
          653.7025033688162
        ],
        [
          887.8709082098101,
          653.7025033688163
        ]
      ],
      "center_px": [
        768.0,
        446.08000000000004
      ],
      "px_per_unit": 256.0
    },
    "bevel_0": {
      "quad_px": [
        [
          1007.7418164196201,
          446.08000000000004
        ],
        [
          887.8709082098101,
          238.45749663118377
        ],
        [
          896.0,
          224.37749663118376
        ],
        [
          1024.0,
          446.08000000000004
        ]
      ]
    },
    "bevel_1": {
      "quad_px": [
        [
          887.8709082098101,
          238.45749663118377
        ],
        [
          648.1290917901899,
          238.45749663118374
        ],
        [
          640.0,
          224.37749663118373
        ],
        [
          896.0,
          224.37749663118376
        ]
      ]
    },
    "bevel_2": {
      "quad_px": [
        [
          648.1290917901899,
          238.45749663118374
        ],
        [
          528.2581835803799,
          446.08
        ],
        [
          512.0,
          446.08
        ],
        [
          640.0,
          224.37749663118373
        ]
      ]
    },
    "bevel_3": {
      "quad_px": [
        [
          528.2581835803799,
          446.08
        ],
        [
          648.1290917901898,
          653.7025033688162
        ],
        [
          639.9999999999999,
          667.7825033688163
        ],
        [
          512.0,
          446.08
        ]
      ]
    },
    "bevel_4": {
      "quad_px": [
        [
          648.1290917901898,
          653.7025033688162
        ],
        [
          887.8709082098101,
          653.7025033688163
        ],
        [
          896.0,
          667.7825033688164
        ],
        [
          639.9999999999999,
          667.7825033688163
        ]
      ]
    },
    "bevel_5": {
      "quad_px": [
        [
          887.8709082098101,
          653.7025033688163
        ],
        [
          1007.7418164196201,
          446.08000000000004
        ],
        [
          1024.0,
          446.08000000000004
        ],
        [
          896.0,
          667.7825033688164
        ]
      ]
    },
    "wall_3": {
      "quad_px": [
        [
          512.0,
          446.08
        ],
        [
          639.9999999999999,
          667.7825033688163
        ],
        [
          525.8232107650595,
          733.7025033688163
        ],
        [
          397.8232107650596,
          512.0
        ]
      ]
    },
    "wall_4": {
      "quad_px": [
        [
          639.9999999999999,
          667.7825033688163
        ],
        [
          896.0,
          667.7825033688164
        ],
        [
          896.0,
          799.6225033688163
        ],
        [
          639.9999999999999,
          799.6225033688163
        ]
      ]
    },
    "wall_5": {
      "quad_px": [
        [
          896.0,
          667.7825033688164
        ],
        [
          1024.0,
          446.08000000000004
        ],
        [
          1138.1767892349403,
          512.0000000000001
        ],
        [
          1010.1767892349403,
          733.7025033688165
        ]
      ]
    }
  },
  "bevel_order": [
    0,
    1,
    2,
    3,
    4,
    5
  ],
  "wall_order": [
    3,
    4,
    5
  ],
  "manifest": {
    "pitch_deg": 35.26,
    "yaw_deg": -15.0,
    "hex_orientation": "flat_top",
    "px_per_hex_edge": 128.0,
    "hex_edge_world": 1.0,
    "thickness_world": 0.55,
    "elevation_step_world": 0.5
  }
}