{
  "template": "beveled_design",
  "elevation": 0,
  "canvas": [
    1024,
    1024
  ],
  "scale_px_per_unit": 463.8037288237172,
  "origin_px": [
    512.0,
    401.2259580628638
  ],
  "bevel_inset_world": 0.055,
  "bevel_drop_world": 0.035,
  "inner_edge_world": 0.9364914703891412,
  "faces": {
    "top": {
      "polygon_px": [
        [
          931.5481787343354,
          336.3286614558607
        ],
        [
          624.4175956778136,
          159.02594985166095
        ],
        [
          204.86941694347826,
          223.923246458664
        ],
        [
          92.4518212656647,
          466.12325466986687
        ],
        [
          399.58240432218633,
          643.4259662740667
        ],
        [
          819.1305830565218,
          578.5286696670636
        ]
      ]
    },
    "bevel_0": {
      "quad_px": [
        [
          931.5481787343354,
          336.3286614558607
        ],
        [
          624.4175956778136,
          159.02594985166095
        ],
        [
          632.0412382091431,
          155.85607661366578
        ],
        [
          960.0,
          345.1826398663188
        ]
      ]
    },
    "bevel_1": {
      "quad_px": [
        [
          624.4175956778136,
          159.02594985166095
        ],
        [
          204.86941694347826,
          223.923246458664
        ],
        [
          184.04123820914305,
          225.15440837533814
        ],
        [
          632.0412382091431,
          155.85607661366578
        ]
      ]
    },
    "bevel_2": {
      "quad_px": [
        [
          204.86941694347826,
          223.923246458664
        ],
        [
          92.4518212656647,
          466.12325466986687
        ],
        [
          64.0,
          483.7793033896636
        ],
        [
          184.04123820914305,
          225.15440837533814
        ]
      ]
    },
    "bevel_3": {
      "quad_px": [
        [
          92.4518212656647,
          466.12325466986687
        ],
        [
          399.58240432218633,
          643.4259662740667
        ],
        [
          391.9587617908568,
          673.1058666423166
        ],
        [
          64.0,
          483.7793033896636
        ]
      ]
    },
    "bevel_4": {
      "quad_px": [
        [
          399.58240432218633,
          643.4259662740667
        ],
        [
          819.1305830565218,
          578.5286696670636
        ],
        [
          839.9587617908571,
          603.8075348806442
        ],
        [
          391.9587617908568,
          673.1058666423166
        ]
      ]
    },
    "bevel_5": {
      "quad_px": [
        [
          819.1305830565218,
          578.5286696670636
        ],
        [
          931.5481787343354,
          336.3286614558607
        ],
        [
          960.0,
          345.1826398663188
        ],
        [
          839.9587617908571,
          603.8075348806442
        ]
      ]
    },
    "wall_3": {
      "quad_px": [
        [
          64.0,
          483.7793033896636
        ],
        [
          391.9587617908568,
          673.1058666423166
        ],
        [
          391.9587617908568,
          868.1439233863342
        ],
        [
          64.0,
          678.8173601336812
        ]
      ]
    },
    "wall_4": {
      "quad_px": [
        [
          391.9587617908568,
          673.1058666423166
        ],
        [
          839.9587617908571,
          603.8075348806442
        ],
        [
          839.9587617908571,
          798.8455916246619
        ],
        [
          391.9587617908568,
          868.1439233863342
        ]
      ]
    },
    "wall_5": {
      "quad_px": [
        [
          839.9587617908571,
          603.8075348806442
        ],
        [
          960.0,
          345.1826398663188
        ],
        [
          960.0,
          540.2206966103364
        ],
        [
          839.9587617908571,
          798.8455916246619
        ]
      ]
    }
  },
  "wall_order": [
    3,
    4,
    5
  ],
  "manifest": {
    "pitch_deg": 35.26,
    "yaw_deg": -15.0,
    "hex_orientation": "flat_top",
    "px_per_hex_edge": 128.0,
    "hex_edge_world": 1.0,
    "thickness_world": 0.55,
    "elevation_step_world": 0.5
  }
}